Peso,Altura,Zona,Sexo
92.14956406,172.6497009,Zona Norte,Macho
88.13537012,160.9962959,Zona Norte,Macho
90.53815333,162.9438016,Zona Norte,Macho
95.86204162,174.1890937,Zona Norte,Macho
83.70271938,151.4728872,Zona Norte,Macho
86.50873233,159.3921742,Zona Norte,Macho
87.49061046,154.0866898,Zona Norte,Macho
87.44610132,168.0594475,Zona Norte,Macho
94.31658616,152.2260974,Zona Norte,Macho
90.59343051,171.1174995,Zona Norte,Macho
95.03311334,163.8057214,Zona Norte,Macho
93.35475505,170.8406323,Zona Norte,Macho
84.27017964,169.4708963,Zona Norte,Macho
93.91850611,162.4848697,Zona Norte,Macho
89.1609995,154.3451328,Zona Norte,Macho
90.57618837,150.9415012,Zona Norte,Macho
83.03806644,164.2861686,Zona Norte,Macho
87.28355335,155.1295124,Zona Norte,Macho
89.97581462,148.2743039,Zona Norte,Macho
98.72268287,164.3671844,Zona Norte,Macho
99.29442452,160.8163894,Zona Norte,Macho
94.30704834,170.9285168,Zona Norte,Macho
97.50219793,172.7775311,Zona Norte,Macho
89.11137383,157.4825899,Zona Norte,Macho
90.11699944,156.3154475,Zona Norte,Macho
96.13293828,160.4451786,Zona Norte,Macho
98.76575331,161.5040779,Zona Norte,Macho
86.79178262,169.7597148,Zona Norte,Macho
97.41543067,159.0997307,Zona Norte,Macho
89.11795489,144.1209119,Zona Norte,Macho
92.71194076,180.1900868,Zona Norte,Macho
83.86176259,160.3774199,Zona Norte,Macho
85.39606083,165.8897533,Zona Norte,Macho
99.99664902,158.9521972,Zona Norte,Macho
90.45275214,144.1988747,Zona Norte,Macho
96.95492936,155.4780461,Zona Norte,Macho
98.4530516,167.7721412,Zona Norte,Macho
101.0930729,186.0483831,Zona Norte,Macho
95.70889019,169.7463118,Zona Norte,Macho
92.01006459,169.3242977,Zona Norte,Macho
87.50967725,172.7943561,Zona Norte,Macho
86.5780789,164.0025462,Zona Norte,Macho
82.28867812,153.7275764,Zona Norte,Macho
96.57929125,156.9095997,Zona Norte,Macho
86.99760943,167.8991909,Zona Norte,Macho
85.22366553,154.4413262,Zona Norte,Macho
82.340853,146.1538247,Zona Norte,Macho
91.7220069,159.478122,Zona Norte,Macho
84.05800344,160.4345276,Zona Norte,Macho
98.03094009,164.7871184,Zona Norte,Macho
89.0865613,170.8069777,Zona Norte,Macho
100.7286508,170.8068259,Zona Norte,Macho
86.91732785,138.9588324,Zona Norte,Macho
91.46282923,154.2573772,Zona Norte,Macho
85.83121742,145.8342519,Zona Norte,Macho
93.6644394,159.0826611,Zona Norte,Macho
91.1894638,154.9055106,Zona Norte,Macho
91.34868096,164.1277601,Zona Norte,Macho
89.99665111,176.35256,Zona Norte,Macho
92.10571192,146.4562168,Zona Norte,Macho
82.63776312,147.8185062,Zona Norte,Macho
84.28935176,174.3837829,Zona Norte,Macho
91.37870952,163.3824745,Zona Norte,Macho
89.93973475,157.7271731,Zona Norte,Macho
98.67238388,158.1250956,Zona Norte,Macho
97.22243487,165.0470557,Zona Norte,Macho
93.46712898,178.7744561,Zona Norte,Macho
90.95016092,163.3176416,Zona Norte,Macho
83.67604016,165.4174585,Zona Norte,Macho
86.38277095,151.4684815,Zona Norte,Macho
83.51140584,143.1307837,Zona Norte,Macho
92.68853569,172.8812462,Zona Norte,Macho
94.82713153,148.7629451,Zona Norte,Macho
92.51478635,159.5113959,Zona Norte,Macho
82.78562776,155.4872923,Zona Norte,Macho
92.9171968,176.4645713,Zona Norte,Macho
89.45526195,143.9470015,Zona Norte,Macho
101.2260483,182.48771,Zona Norte,Macho
87.14683138,158.2786477,Zona Norte,Macho
86.15903367,147.2887182,Zona Norte,Macho
99.22764879,162.9190609,Zona Norte,Macho
91.28783965,165.0989142,Zona Norte,Macho
86.45734867,177.5914707,Zona Norte,Macho
94.47099203,168.9515573,Zona Norte,Macho
86.07295401,126.6057886,Zona Norte,Macho
82.39346827,151.6210072,Zona Norte,Macho
97.95986012,145.3990589,Zona Norte,Macho
87.48637793,137.1211254,Zona Norte,Macho
85.33218208,139.4934669,Zona Norte,Macho
85.40303436,149.9782188,Zona Norte,Macho
91.77011873,166.2012798,Zona Norte,Macho
96.22818155,162.6301275,Zona Norte,Macho
93.83869843,161.2256155,Zona Norte,Macho
92.34313754,165.2207566,Zona Norte,Macho
89.63255372,147.3542302,Zona Norte,Macho
98.69556659,142.2255964,Zona Norte,Macho
86.98016101,141.8592378,Zona Norte,Macho
92.81202056,169.199187,Zona Norte,Macho
96.87678807,175.0442071,Zona Norte,Macho
82.6002371,146.041571,Zona Norte,Macho
88.8868701,142.2395007,Zona Norte,Macho
83.22645106,150.7181091,Zona Norte,Macho
89.37959618,162.3101673,Zona Norte,Macho
90.15187121,150.1669884,Zona Norte,Macho
100.2867351,183.4775807,Zona Norte,Macho
99.77410496,170.8508612,Zona Norte,Macho
101.6746435,188.9725123,Zona Norte,Macho
91.54390557,168.9045744,Zona Norte,Macho
95.87016467,190.8268429,Zona Norte,Macho
90.51492925,165.6429135,Zona Norte,Macho
97.68333066,149.1062428,Zona Norte,Macho
98.85391975,176.1277354,Zona Norte,Macho
85.66944293,159.1444137,Zona Norte,Macho
92.57079202,170.9954467,Zona Norte,Macho
96.05895101,165.7334171,Zona Norte,Macho
100.2654552,159.100186,Zona Norte,Macho
87.18347837,147.1608647,Zona Norte,Macho
97.8524954,157.0532617,Zona Norte,Macho
94.28939103,163.4186168,Zona Norte,Macho
96.01241057,152.7617544,Zona Norte,Macho
84.15866468,151.3490794,Zona Norte,Macho
88.67731586,148.1063251,Zona Norte,Macho
88.48263216,177.4750656,Zona Norte,Macho
93.30851512,178.5188358,Zona Norte,Macho
86.06356383,158.8269872,Zona Norte,Macho
86.39409015,144.3656,Zona Norte,Macho
94.66230559,156.6023843,Zona Norte,Macho
89.05041021,153.7431231,Zona Norte,Macho
99.13746468,176.5251583,Zona Norte,Macho
101.0144313,197.6384839,Zona Norte,Macho
99.76063022,163.7692925,Zona Norte,Macho
82.93717554,148.3484592,Zona Norte,Macho
97.38081028,151.9193916,Zona Norte,Macho
86.60450845,166.2748567,Zona Norte,Macho
88.30368236,134.328328,Zona Norte,Macho
87.65339172,171.2791957,Zona Norte,Macho
96.26391303,168.4597716,Zona Norte,Macho
99.24275833,162.714892,Zona Norte,Macho
84.12647041,156.9753081,Zona Norte,Macho
93.00655511,164.9645127,Zona Norte,Macho
94.96739029,155.2726975,Zona Norte,Macho
86.69573398,145.1540105,Zona Norte,Macho
83.52594429,153.1343808,Zona Norte,Macho
100.4619009,167.054536,Zona Norte,Macho
84.94433385,165.621714,Zona Norte,Macho
98.4478075,167.064129,Zona Norte,Macho
90.27036784,168.8534448,Zona Norte,Macho
94.25041219,175.4571638,Zona Norte,Macho
83.36241003,144.5915071,Zona Norte,Macho
100.082644,162.8650161,Zona Norte,Macho
99.59086397,174.6199413,Zona Norte,Macho
85.94233745,142.2006911,Zona Norte,Macho
83.38919421,153.7571946,Zona Norte,Macho
85.14679147,161.0088006,Zona Norte,Macho
88.6691356,165.5085707,Zona Norte,Macho
85.60123547,149.9136742,Zona Norte,Macho
84.92965373,157.6332102,Zona Norte,Macho
87.81150877,152.3921388,Zona Norte,Macho
100.7213778,174.7474746,Zona Norte,Macho
84.04920939,152.1833102,Zona Norte,Macho
96.46703765,172.8945453,Zona Norte,Macho
92.32802988,169.0427794,Zona Norte,Macho
90.23798956,156.2275927,Zona Norte,Macho
90.2653056,181.9155637,Zona Norte,Macho
97.24088817,153.2879529,Zona Norte,Macho
87.18353095,155.4765297,Zona Norte,Macho
97.26379561,165.5694513,Zona Norte,Macho
101.6480963,171.3182624,Zona Norte,Macho
95.40238063,189.2875783,Zona Norte,Macho
93.79855785,153.8984385,Zona Norte,Macho
93.2619768,162.2514351,Zona Norte,Macho
97.23593609,148.0944453,Zona Norte,Macho
96.90594801,161.4172043,Zona Norte,Macho
96.15654524,173.2954944,Zona Norte,Macho
101.7361649,190.4810522,Zona Norte,Macho
91.03261814,168.9791932,Zona Norte,Macho
84.36434816,153.4172114,Zona Norte,Macho
86.77270638,143.3021456,Zona Norte,Macho
91.41045524,163.6747004,Zona Norte,Macho
89.04646142,159.2875544,Zona Norte,Macho
88.7715049,140.7244927,Zona Norte,Macho
84.54602532,161.9519902,Zona Norte,Macho
90.48147712,156.8237032,Zona Norte,Macho
91.4662168,170.8466543,Zona Norte,Macho
92.55444015,159.9080271,Zona Norte,Macho
94.53907219,162.8754472,Zona Norte,Macho
99.52052183,169.4816967,Zona Norte,Macho
95.58314073,169.9348416,Zona Norte,Macho
96.48128021,160.2810761,Zona Norte,Macho
85.63695445,153.1793299,Zona Norte,Macho
83.55711037,152.4410349,Zona Norte,Macho
83.44394807,158.6527227,Zona Norte,Macho
83.08125189,150.4994953,Zona Norte,Macho
92.34546811,161.6342524,Zona Norte,Macho
98.28103137,179.7757053,Zona Norte,Macho
90.98096805,136.6802392,Zona Norte,Macho
93.17789776,146.0734176,Zona Norte,Macho
87.59760213,160.1828261,Zona Norte,Macho
99.80188075,174.7820937,Zona Norte,Macho
96.31698557,165.8230246,Zona Norte,Macho
86.46176785,171.4085288,Zona Norte,Macho
92.71789997,136.9001849,Zona Norte,Macho
95.25058194,165.8609169,Zona Norte,Macho
98.96141067,172.2389032,Zona Norte,Macho
84.98366206,156.2702495,Zona Norte,Macho
95.40198797,160.4331897,Zona Norte,Macho
97.23271359,171.5544576,Zona Norte,Macho
101.9726891,186.099133,Zona Norte,Macho
87.26594547,136.5317432,Zona Norte,Macho
99.70372063,176.5977529,Zona Norte,Macho
96.26684038,172.7985923,Zona Norte,Macho
95.41244054,167.392939,Zona Norte,Macho
96.91379153,180.9096752,Zona Norte,Macho
90.26965489,163.911497,Zona Norte,Macho
82.97307203,169.3807865,Zona Norte,Macho
97.29369624,178.6464106,Zona Norte,Macho
98.96129183,156.7968877,Zona Norte,Macho
92.64325475,171.6531249,Zona Norte,Macho
99.406605,163.287004,Zona Norte,Macho
84.47410339,165.7882411,Zona Norte,Macho
84.00490771,142.4431241,Zona Norte,Macho
95.73955656,154.7222714,Zona Norte,Macho
99.41046572,175.1889397,Zona Norte,Macho
97.41304385,169.2217804,Zona Norte,Macho
88.42551369,138.5462848,Zona Norte,Macho
86.58808717,170.194039,Zona Norte,Macho
89.52184512,147.7798417,Zona Norte,Macho
98.07586398,158.6967693,Zona Norte,Macho
98.44666296,181.1298034,Zona Norte,Macho
89.76621977,173.406272,Zona Norte,Macho
92.61491583,144.1927411,Zona Norte,Macho
91.11681894,155.4686441,Zona Norte,Macho
99.01624612,152.4165551,Zona Norte,Macho
86.35041438,168.8761127,Zona Norte,Macho
97.41843724,151.0944379,Zona Norte,Macho
87.51278728,168.04942,Zona Norte,Macho
99.90718958,142.2201326,Zona Norte,Macho
92.4727824,144.6622482,Zona Norte,Macho
98.58354477,171.1469362,Zona Norte,Macho
96.70879636,166.7633627,Zona Norte,Macho
88.30256671,165.7202662,Zona Norte,Macho
92.9663135,136.1102895,Zona Norte,Macho
93.60772562,174.6239389,Zona Norte,Macho
83.08083035,165.2610348,Zona Norte,Macho
91.746796,176.7570018,Zona Norte,Macho
96.18801415,154.3289823,Zona Norte,Macho
84.31860377,140.0999827,Zona Norte,Macho
99.91583511,165.0430832,Zona Norte,Macho
96.67163053,172.5714362,Zona Norte,Macho
96.68004579,162.1376412,Zona Norte,Macho
85.60294278,153.4972215,Zona Norte,Macho
99.50225397,178.8728948,Zona Norte,Macho
93.96452031,158.0942713,Zona Norte,Macho
86.35424916,161.320109,Zona Norte,Macho
84.8795304,152.2775126,Zona Norte,Macho
98.33721564,182.1594796,Zona Norte,Macho
89.15871274,164.8279325,Zona Norte,Macho
90.81472513,161.5631764,Zona Norte,Macho
84.27434114,145.1722659,Zona Norte,Macho
98.63344096,159.0609092,Zona Norte,Macho
100.4705691,157.6865201,Zona Norte,Macho
87.94393742,158.0140777,Zona Norte,Macho
96.73550961,164.9273477,Zona Norte,Macho
90.28004054,148.8853013,Zona Norte,Macho
82.45845221,159.8966247,Zona Norte,Macho
89.80829571,166.0527124,Zona Norte,Macho
86.95345075,142.7711202,Zona Norte,Macho
91.33701152,170.6684235,Zona Norte,Macho
88.45476394,169.9612378,Zona Norte,Macho
99.56356883,174.263861,Zona Norte,Macho
85.25573375,164.0520461,Zona Norte,Macho
101.9074614,162.6749916,Zona Norte,Macho
95.79634013,168.3101336,Zona Norte,Macho
86.55290845,144.0155007,Zona Norte,Macho
97.32049342,165.7665671,Zona Norte,Macho
101.8187162,176.9919256,Zona Norte,Macho
96.95418663,171.1848295,Zona Norte,Macho
96.58927581,178.177861,Zona Norte,Macho
98.60314302,187.6825835,Zona Norte,Macho
82.5196108,153.7427763,Zona Norte,Macho
82.93869071,162.4598068,Zona Norte,Macho
101.9123097,185.7247247,Zona Norte,Macho
84.28131729,147.3960681,Zona Norte,Macho
100.5780769,170.5308212,Zona Norte,Macho
82.49616836,159.5652349,Zona Norte,Macho
101.4301829,177.8116302,Zona Norte,Macho
100.5864188,152.7116856,Zona Norte,Macho
93.10969711,161.0553115,Zona Norte,Macho
94.90458792,166.4773909,Zona Norte,Macho
99.52912092,177.3100605,Zona Norte,Macho
99.13521794,173.593146,Zona Norte,Macho
101.3636038,170.6881019,Zona Norte,Macho
96.04338559,151.2384135,Zona Norte,Macho
101.8758464,169.8005573,Zona Norte,Macho
92.81230191,159.6149757,Zona Norte,Macho
90.97412403,173.864992,Zona Norte,Macho
100.1903264,170.918157,Zona Norte,Macho
83.88458473,153.8313314,Zona Norte,Macho
92.69515105,170.8830654,Zona Norte,Macho
85.23674877,164.7613998,Zona Norte,Macho
88.9572022,139.5662382,Zona Norte,Macho
82.15985213,160.9483228,Zona Norte,Macho
90.02689831,156.0024036,Zona Norte,Macho
93.76701386,154.9431442,Zona Norte,Macho
99.51952468,175.6436014,Zona Norte,Macho
96.17085197,177.479569,Zona Norte,Macho
85.87188521,139.5053104,Zona Norte,Macho
89.63530989,170.4712725,Zona Norte,Macho
85.86118274,155.0059079,Zona Norte,Macho
98.3395474,173.9708006,Zona Norte,Macho
82.20285934,155.9277183,Zona Norte,Macho
89.27218072,171.202097,Zona Norte,Macho
96.57362987,173.9219824,Zona Norte,Macho
89.97930449,149.904073,Zona Norte,Macho
99.49858624,178.3725126,Zona Norte,Macho
84.71432728,158.9017962,Zona Norte,Macho
84.30295628,157.283606,Zona Norte,Macho
85.93458185,157.0162658,Zona Norte,Macho
83.14106698,153.5417214,Zona Norte,Macho
93.74844515,178.4637185,Zona Norte,Macho
96.86350864,149.3053642,Zona Norte,Macho
93.66253712,162.7363983,Zona Norte,Macho
87.82725139,170.2053441,Zona Norte,Macho
101.9560388,176.1599895,Zona Norte,Macho
95.97671218,167.6285296,Zona Norte,Macho
87.17597014,148.897582,Zona Norte,Macho
86.84300178,158.900995,Zona Norte,Macho
89.61725578,149.6277171,Zona Norte,Macho
88.60727235,158.8923554,Zona Norte,Macho
101.2848449,178.5037385,Zona Norte,Macho
86.98203384,159.017122,Zona Norte,Macho
93.61296947,161.1190985,Zona Norte,Macho
98.62512391,189.3391606,Zona Norte,Macho
86.08134883,146.2536589,Zona Norte,Macho
83.42057138,155.8471957,Zona Norte,Macho
97.02140402,167.055117,Zona Norte,Macho
93.45801313,147.9466534,Zona Norte,Macho
96.83816464,179.0650734,Zona Norte,Macho
83.51245158,149.7691744,Zona Norte,Macho
100.4671995,170.7872888,Zona Norte,Macho
84.55371142,152.2446064,Zona Norte,Macho
97.32337327,164.5436142,Zona Norte,Macho
88.78401565,145.3886627,Zona Norte,Macho
84.37861024,146.0325825,Zona Norte,Macho
93.14447645,166.4571449,Zona Norte,Macho
84.74734818,146.1342187,Zona Norte,Macho
99.11775356,173.5337115,Zona Norte,Macho
98.91101903,176.2187229,Zona Norte,Macho
87.68139356,171.4646266,Zona Norte,Macho
98.20167114,173.0140519,Zona Norte,Macho
99.98461775,164.3007176,Zona Norte,Macho
101.5385242,167.6240488,Zona Norte,Macho
93.80578671,170.2346488,Zona Norte,Macho
95.02206161,167.7841229,Zona Norte,Macho
89.57463733,156.9933068,Zona Norte,Macho
91.5502623,176.2085606,Zona Norte,Macho
98.62858771,148.8958288,Zona Norte,Macho
98.21103926,177.412138,Zona Norte,Macho
96.16872642,164.6780129,Zona Norte,Macho
96.56160221,178.935477,Zona Norte,Macho
95.29537322,170.5691786,Zona Norte,Macho
87.80329848,172.7082264,Zona Norte,Macho
96.80100308,162.8766893,Zona Norte,Macho
87.55227944,159.4319252,Zona Norte,Macho
83.73733065,153.6245966,Zona Norte,Macho
94.73189339,152.2726344,Zona Norte,Macho
90.42649111,169.8661737,Zona Norte,Macho
89.22914872,163.823302,Zona Norte,Macho
96.64283014,150.1105404,Zona Norte,Macho
101.1434104,163.4093077,Zona Norte,Macho
101.6137968,164.7162818,Zona Norte,Macho
89.36190147,176.0802301,Zona Norte,Macho
89.60149288,158.6409942,Zona Norte,Macho
83.681061,145.7210169,Zona Norte,Macho
94.21477978,161.9673421,Zona Norte,Macho
91.5687931,148.9670662,Zona Norte,Macho
97.10633864,152.8423155,Zona Norte,Macho
88.29619915,131.7598278,Zona Norte,Macho
92.36977835,151.9831847,Zona Norte,Macho
83.47935817,159.2776017,Zona Norte,Macho
92.89992727,185.3925634,Zona Norte,Macho
89.96189498,156.4888852,Zona Norte,Macho
98.80425121,172.3934645,Zona Norte,Macho
98.47666222,162.8532509,Zona Norte,Macho
86.95775719,147.3572541,Zona Norte,Macho
90.32979483,163.7551607,Zona Norte,Macho
84.01582031,143.55094,Zona Norte,Macho
92.47242936,168.0057802,Zona Norte,Macho
83.41914794,150.613961,Zona Norte,Macho
86.24476236,153.7047501,Zona Norte,Macho
89.5392052,169.4516986,Zona Norte,Macho
95.45559962,158.8520639,Zona Norte,Macho
82.88444723,159.8173628,Zona Norte,Macho
95.63481622,180.9076568,Zona Norte,Macho
83.76850948,156.1380754,Zona Norte,Macho
96.67393579,178.4127042,Zona Norte,Macho
84.70420952,129.842723,Zona Norte,Macho
94.33808768,179.3123346,Zona Norte,Macho
84.71531271,164.4535214,Zona Norte,Macho
100.17858,165.3374252,Zona Norte,Macho
99.75829794,172.5268046,Zona Norte,Macho
95.71022944,163.558001,Zona Norte,Macho
94.59262208,181.6753286,Zona Norte,Macho
97.01650342,182.4008157,Zona Norte,Macho
100.3555466,167.9934095,Zona Norte,Macho
89.20140564,138.4370874,Zona Norte,Macho
98.16817262,162.111243,Zona Norte,Macho
86.26385698,165.7874532,Zona Norte,Macho
84.79778525,142.9208566,Zona Norte,Macho
87.97014904,196.0959524,Zona Norte,Macho
95.79979704,172.2646909,Zona Norte,Macho
95.70918784,167.1978762,Zona Norte,Macho
99.0748827,158.3490758,Zona Norte,Macho
93.81136866,165.5878082,Zona Norte,Macho
84.0243318,151.1775365,Zona Norte,Macho
82.50073721,145.4054453,Zona Norte,Macho
90.46436851,153.1912713,Zona Norte,Macho
84.8930266,176.7329395,Zona Norte,Macho
83.95291384,149.7494907,Zona Norte,Macho
91.25317901,159.8795514,Zona Norte,Macho
93.12825435,157.9018979,Zona Norte,Macho
94.35966899,179.0442918,Zona Norte,Macho
99.92948658,185.8279875,Zona Norte,Macho
99.39472389,148.8141656,Zona Norte,Macho
88.66104608,168.7846555,Zona Norte,Macho
101.1796169,157.746053,Zona Norte,Macho
82.68346926,135.0719975,Zona Norte,Macho
101.9963272,185.6289565,Zona Norte,Macho
94.75569634,163.0849038,Zona Norte,Macho
95.24428068,158.1624723,Zona Norte,Macho
83.77513235,156.6145623,Zona Norte,Macho
83.77903822,151.6936026,Zona Norte,Macho
97.20861164,167.6738057,Zona Norte,Macho
85.607151,143.3524186,Zona Norte,Macho
88.81152508,163.7326784,Zona Norte,Macho
83.02097166,175.3189169,Zona Norte,Macho
88.55564617,187.1360624,Zona Norte,Macho
88.00549618,167.9898802,Zona Norte,Macho
84.97803005,154.3156694,Zona Norte,Macho
99.74417625,154.2551916,Zona Norte,Macho
89.41985829,162.6465202,Zona Norte,Macho
101.9210483,174.4423968,Zona Norte,Macho
89.77313577,166.6858589,Zona Norte,Macho
84.67429231,166.5081238,Zona Norte,Macho
95.34570441,150.0246656,Zona Norte,Macho
93.86531368,177.1009252,Zona Norte,Macho
89.58381313,167.776021,Zona Norte,Macho
100.2894873,188.292012,Zona Norte,Macho
91.54834917,145.3597599,Zona Norte,Macho
86.2823705,156.1246209,Zona Norte,Macho
97.3675587,175.2935139,Zona Norte,Macho
100.5478522,159.278111,Zona Norte,Macho
92.77521082,168.4353522,Zona Norte,Macho
82.70301701,150.0061297,Zona Norte,Macho
100.9708684,171.3017145,Zona Norte,Macho
89.20508248,164.7284214,Zona Norte,Macho
96.24937041,154.8394559,Zona Norte,Macho
87.48598967,169.3608789,Zona Norte,Macho
100.1633829,173.1176427,Zona Norte,Macho
82.30438871,144.3890672,Zona Norte,Macho
89.80380279,146.4158234,Zona Norte,Macho
86.69492314,175.2850118,Zona Norte,Macho
84.05251298,166.983952,Zona Norte,Macho
89.32693628,158.7415672,Zona Norte,Macho
90.03245998,170.062938,Zona Norte,Macho
88.63383352,171.8524015,Zona Norte,Macho
92.14351895,179.9018274,Zona Norte,Macho
101.8065102,181.2902011,Zona Norte,Macho
94.93880445,157.6024237,Zona Norte,Macho
93.72469671,164.9267889,Zona Norte,Macho
97.73972939,167.5710173,Zona Norte,Macho
99.41251713,183.577768,Zona Norte,Macho
86.00528682,150.5009205,Zona Norte,Macho
89.85796646,139.2051142,Zona Norte,Macho
82.27421008,128.3026728,Zona Norte,Macho
95.90327946,157.8157258,Zona Norte,Macho
84.59296282,164.7053202,Zona Norte,Macho
89.13192454,145.159591,Zona Norte,Macho
83.7981985,171.3146215,Zona Norte,Macho
82.74127108,154.4437834,Zona Norte,Macho
100.9153129,163.2548845,Zona Norte,Macho
84.642258,165.982787,Zona Norte,Macho
97.43379833,172.4289232,Zona Norte,Macho
86.7600239,153.9558406,Zona Norte,Macho
98.11357713,168.9013223,Zona Norte,Macho
100.4095657,188.8211854,Zona Norte,Macho
95.07272101,165.051371,Zona Norte,Macho
94.98684992,173.3736037,Zona Norte,Macho
95.89330972,184.3814901,Zona Norte,Macho
87.65239171,150.5346566,Zona Norte,Macho
91.02463357,168.8191078,Zona Norte,Macho
87.00667663,148.3999653,Zona Norte,Macho
92.73766466,142.351384,Zona Norte,Macho
87.12066131,140.0986978,Zona Norte,Macho
89.20433188,174.0875652,Zona Norte,Macho
91.43008817,159.8681214,Zona Norte,Macho
89.19104985,163.1382751,Zona Norte,Macho
88.23405164,178.4334478,Zona Norte,Macho
98.96318561,162.421724,Zona Norte,Macho
89.62744423,164.2672837,Zona Norte,Macho
99.18918294,172.0804268,Zona Sur,Macho
101.7519212,172.2186382,Zona Sur,Macho
98.48550394,165.4341861,Zona Sur,Macho
87.81275524,149.9288015,Zona Sur,Macho
83.44072026,153.9425682,Zona Sur,Macho
93.17776838,159.1977347,Zona Sur,Macho
85.64895855,151.2805797,Zona Sur,Macho
83.689998,152.3546326,Zona Sur,Macho
86.96284233,156.3145531,Zona Sur,Macho
100.1308663,176.1296847,Zona Sur,Macho
99.12293332,161.127997,Zona Sur,Macho
97.64191377,149.8765553,Zona Sur,Macho
86.88677907,141.3969258,Zona Sur,Macho
88.27710378,172.1846447,Zona Sur,Macho
84.56950502,166.2606728,Zona Sur,Macho
100.5989437,157.5386963,Zona Sur,Macho
84.73685146,170.3054594,Zona Sur,Macho
93.70967281,173.4610923,Zona Sur,Macho
85.11106196,143.3523082,Zona Sur,Macho
94.89557606,164.4728116,Zona Sur,Macho
95.18397475,164.310345,Zona Sur,Macho
101.6204728,196.8820924,Zona Sur,Macho
95.67165029,162.2481188,Zona Sur,Macho
101.9742047,162.9058977,Zona Sur,Macho
82.1981252,141.6606892,Zona Sur,Macho
94.07337377,147.9851032,Zona Sur,Macho
92.12969418,164.4063341,Zona Sur,Macho
94.15795848,159.8856522,Zona Sur,Macho
98.73088353,172.0902032,Zona Sur,Macho
101.9977508,187.0046266,Zona Sur,Macho
97.79957921,163.6259592,Zona Sur,Macho
101.1954527,177.2129152,Zona Sur,Macho
92.95200687,158.0692445,Zona Sur,Macho
97.71398163,175.3597635,Zona Sur,Macho
82.14825431,142.7951206,Zona Sur,Macho
96.97795533,172.2856029,Zona Sur,Macho
92.24748392,162.7234371,Zona Sur,Macho
82.1387955,152.1479677,Zona Sur,Macho
89.37061873,148.7159069,Zona Sur,Macho
101.9031712,155.0016291,Zona Sur,Macho
89.91952408,179.5114232,Zona Sur,Macho
85.81048429,161.0491691,Zona Sur,Macho
89.21951054,157.2919628,Zona Sur,Macho
90.7628304,170.3402168,Zona Sur,Macho
88.30406497,160.0140433,Zona Sur,Macho
82.04334828,134.5372296,Zona Sur,Macho
93.76258605,175.0380509,Zona Sur,Macho
96.53736867,148.1524012,Zona Sur,Macho
101.8489745,166.458571,Zona Sur,Macho
90.09134823,154.0225594,Zona Sur,Macho
100.6542402,182.6628904,Zona Sur,Macho
92.30583688,159.3201349,Zona Sur,Macho
86.73245637,145.4911114,Zona Sur,Macho
86.08399389,149.1209897,Zona Sur,Macho
88.40461311,171.2192106,Zona Sur,Macho
88.20903473,173.5075154,Zona Sur,Macho
96.92620413,152.4247028,Zona Sur,Macho
96.92115835,177.032739,Zona Sur,Macho
101.785618,161.8226886,Zona Sur,Macho
96.37994874,154.8680379,Zona Sur,Macho
94.56717935,175.9849437,Zona Sur,Macho
89.704952,158.9587668,Zona Sur,Macho
92.50921068,151.0398794,Zona Sur,Macho
84.76815787,165.9832566,Zona Sur,Macho
84.54469275,140.1134249,Zona Sur,Macho
89.49227314,172.7622136,Zona Sur,Macho
99.62162907,181.6573327,Zona Sur,Macho
82.45449409,150.8669725,Zona Sur,Macho
92.33013803,166.9898563,Zona Sur,Macho
95.73268843,155.8957199,Zona Sur,Macho
84.2490296,155.5981377,Zona Sur,Macho
93.40713708,161.9316828,Zona Sur,Macho
92.5834968,165.2448911,Zona Sur,Macho
87.21124729,152.5497906,Zona Sur,Macho
89.96928209,147.2593975,Zona Sur,Macho
96.56915654,177.4140407,Zona Sur,Macho
94.10381784,181.2214523,Zona Sur,Macho
90.03388102,171.004436,Zona Sur,Macho
100.3477899,158.1445655,Zona Sur,Macho
101.9127771,177.8991607,Zona Sur,Macho
93.53103407,143.4843116,Zona Sur,Macho
85.02091112,152.1303852,Zona Sur,Macho
96.46361411,163.7538494,Zona Sur,Macho
89.36535072,174.1434163,Zona Sur,Macho
86.06553189,147.3561243,Zona Sur,Macho
91.37301067,163.07296,Zona Sur,Macho
95.05365318,174.8829106,Zona Sur,Macho
101.164622,173.0575446,Zona Sur,Macho
94.99664489,180.583186,Zona Sur,Macho
100.3147186,172.9008965,Zona Sur,Macho
99.06761913,184.3701607,Zona Sur,Macho
98.52504579,179.7072103,Zona Sur,Macho
99.52236008,156.268536,Zona Sur,Macho
87.47407035,158.8364397,Zona Sur,Macho
85.00931465,140.4032768,Zona Sur,Macho
99.21983871,165.757924,Zona Sur,Macho
89.99133975,170.5625166,Zona Sur,Macho
82.95549242,149.2952686,Zona Sur,Macho
99.97224656,179.5863871,Zona Sur,Macho
94.76159445,155.5971413,Zona Sur,Macho
100.6704349,186.9356429,Zona Sur,Macho
96.95756534,171.3351326,Zona Sur,Macho
96.45083837,158.0564781,Zona Sur,Macho
92.91541884,171.4546715,Zona Sur,Macho
87.28246219,164.3415541,Zona Sur,Macho
88.11448619,162.6103926,Zona Sur,Macho
97.71843107,173.4693933,Zona Sur,Macho
85.65097608,173.7663724,Zona Sur,Macho
92.997809,165.7776992,Zona Sur,Macho
94.97309956,162.0145241,Zona Sur,Macho
94.53119178,177.9272045,Zona Sur,Macho
98.43023585,180.1957096,Zona Sur,Macho
88.55898343,150.7128712,Zona Sur,Macho
93.80555977,155.6690318,Zona Sur,Macho
97.56825686,180.3971594,Zona Sur,Macho
90.4256428,168.1446169,Zona Sur,Macho
83.60466888,156.056331,Zona Sur,Macho
97.97229086,158.3525094,Zona Sur,Macho
84.39576187,147.0356824,Zona Sur,Macho
91.94331561,172.1896596,Zona Sur,Macho
95.91066543,171.4365083,Zona Sur,Macho
90.86004743,153.8963792,Zona Sur,Macho
100.1208269,174.0403088,Zona Sur,Macho
85.00374704,164.665019,Zona Sur,Macho
101.832848,182.3507085,Zona Sur,Macho
91.63475194,167.9707705,Zona Sur,Macho
91.45969202,169.3670229,Zona Sur,Macho
84.77901116,153.5931116,Zona Sur,Macho
90.38521459,180.1452685,Zona Sur,Macho
98.71401116,167.3050347,Zona Sur,Macho
101.5411335,182.4836534,Zona Sur,Macho
97.70611103,158.0999772,Zona Sur,Macho
100.7722206,187.6730097,Zona Sur,Macho
98.75221766,160.567925,Zona Sur,Macho
84.19320243,152.4973124,Zona Sur,Macho
101.1601563,169.4641766,Zona Sur,Macho
101.9181855,152.8444672,Zona Sur,Macho
90.99808227,159.5520848,Zona Sur,Macho
97.50958346,171.441632,Zona Sur,Macho
101.8873448,164.9101103,Zona Sur,Macho
99.0873253,172.0867427,Zona Sur,Macho
88.64969203,145.733408,Zona Sur,Macho
98.6190946,171.8767487,Zona Sur,Macho
92.43448032,166.7496447,Zona Sur,Macho
97.95650862,162.1103566,Zona Sur,Macho
93.68211531,174.4368694,Zona Sur,Macho
90.65579901,174.3907448,Zona Sur,Macho
85.68448366,160.8129454,Zona Sur,Macho
88.85893867,155.0988331,Zona Sur,Macho
83.68928893,168.6916099,Zona Sur,Macho
94.32465629,162.9790302,Zona Sur,Macho
86.71524786,162.1497906,Zona Sur,Macho
90.16635486,167.2099838,Zona Sur,Macho
96.3202273,145.8008414,Zona Sur,Macho
88.54096751,142.9088351,Zona Sur,Macho
82.25882083,162.0086155,Zona Sur,Macho
92.17799964,187.0679871,Zona Sur,Macho
88.45033989,155.2114358,Zona Sur,Macho
92.35468084,164.6325799,Zona Sur,Macho
94.20792145,165.8858972,Zona Sur,Macho
95.69285309,173.1269629,Zona Sur,Macho
99.77494032,161.3226784,Zona Sur,Macho
96.74975767,168.2440062,Zona Sur,Macho
95.79828542,178.0910378,Zona Sur,Macho
82.45420164,157.8612518,Zona Sur,Macho
86.58972702,164.7372365,Zona Sur,Macho
86.89782055,162.2378762,Zona Sur,Macho
92.82725851,161.8492303,Zona Sur,Macho
90.96055988,164.0968218,Zona Sur,Macho
97.63540117,141.6293784,Zona Sur,Macho
89.30656941,165.4897883,Zona Sur,Macho
89.26080891,158.1623514,Zona Sur,Macho
91.5819976,183.0941851,Zona Sur,Macho
84.36057005,165.5543593,Zona Sur,Macho
92.76577847,162.9544742,Zona Sur,Macho
87.82957761,142.2947558,Zona Sur,Macho
94.10074268,147.1133083,Zona Sur,Macho
89.26026347,174.7210762,Zona Sur,Macho
96.20964073,174.0981203,Zona Sur,Macho
91.73593012,169.6038566,Zona Sur,Macho
99.83335395,161.4812254,Zona Sur,Macho
88.98059246,171.1928938,Zona Sur,Macho
94.24458043,158.8498944,Zona Sur,Macho
88.30964143,171.3646011,Zona Sur,Macho
88.46382882,168.1561175,Zona Sur,Macho
89.50260657,168.8402842,Zona Sur,Macho
96.6702956,163.1673351,Zona Sur,Macho
85.71469569,170.7067416,Zona Sur,Macho
86.69068744,161.4204081,Zona Sur,Macho
98.9302764,152.9277246,Zona Sur,Macho
100.946428,161.6360805,Zona Sur,Macho
94.80374418,163.1050089,Zona Sur,Macho
87.37450158,148.3619841,Zona Sur,Macho
99.90112758,196.2260699,Zona Sur,Macho
94.99422524,175.5849015,Zona Sur,Macho
97.19895014,164.3788115,Zona Sur,Macho
101.6552924,175.0581698,Zona Sur,Macho
82.51509253,162.9139196,Zona Sur,Macho
85.03683015,137.7735809,Zona Sur,Macho
91.06797192,151.0484267,Zona Sur,Macho
85.75193066,153.8237504,Zona Sur,Macho
93.41702179,154.0126969,Zona Sur,Macho
99.96323291,179.8222417,Zona Sur,Macho
85.77091881,158.4170392,Zona Sur,Macho
83.0847501,146.4858132,Zona Sur,Macho
86.19335183,141.7636206,Zona Sur,Macho
99.3825378,177.2533686,Zona Sur,Macho
92.80452252,136.9355622,Zona Sur,Macho
101.6910625,176.505173,Zona Sur,Macho
100.5683968,170.6876524,Zona Sur,Macho
95.31528415,163.5070287,Zona Sur,Macho
91.1599721,144.5658328,Zona Sur,Macho
99.70318108,178.978662,Zona Sur,Macho
82.7320745,149.5609436,Zona Sur,Macho
98.9778268,191.1633481,Zona Sur,Macho
96.13223368,172.1982794,Zona Sur,Macho
96.86807174,161.9679777,Zona Sur,Macho
94.46549359,164.453044,Zona Sur,Macho
101.5578867,153.4789484,Zona Sur,Macho
95.87592658,162.4254594,Zona Sur,Macho
99.26321164,182.2638117,Zona Sur,Macho
85.86576999,169.9223056,Zona Sur,Macho
97.3241213,161.6813673,Zona Sur,Macho
101.9323472,175.1024784,Zona Sur,Macho
83.61616027,158.2748867,Zona Sur,Macho
85.75557458,152.071083,Zona Sur,Macho
83.97817279,149.0671716,Zona Sur,Macho
95.97422836,172.8813728,Zona Sur,Macho
85.32836924,158.8003784,Zona Sur,Macho
84.18048317,155.3798505,Zona Sur,Macho
82.82442652,139.4069807,Zona Sur,Macho
97.78633238,169.3286687,Zona Sur,Macho
97.94420199,161.803137,Zona Sur,Macho
99.58882,158.9904661,Zona Sur,Macho
86.47880608,164.5412263,Zona Sur,Macho
97.80075644,161.5724432,Zona Sur,Macho
101.6884419,169.8173353,Zona Sur,Macho
82.84786025,145.0306937,Zona Sur,Macho
88.721064,126.4260859,Zona Sur,Macho
90.84082039,157.9790443,Zona Sur,Macho
91.95492027,153.1336174,Zona Sur,Macho
82.71297304,145.1391848,Zona Sur,Macho
95.11109892,161.8634465,Zona Sur,Macho
90.13428108,158.9706656,Zona Sur,Macho
89.14605515,156.1425102,Zona Sur,Macho
84.36831554,150.3250048,Zona Sur,Macho
88.67818546,153.8879587,Zona Sur,Macho
91.42325555,156.7225032,Zona Sur,Macho
93.93309049,165.5168174,Zona Sur,Macho
93.02471008,162.4505806,Zona Sur,Macho
101.7356603,165.8100991,Zona Sur,Macho
101.5149644,168.4333301,Zona Sur,Macho
94.46683879,166.1789578,Zona Sur,Macho
91.42961252,156.4856234,Zona Sur,Macho
87.72900405,158.7925626,Zona Sur,Macho
96.92390563,163.6931269,Zona Sur,Macho
83.37359509,152.3286084,Zona Sur,Macho
91.82451088,165.1395018,Zona Sur,Macho
95.22076669,165.8075788,Zona Sur,Macho
89.51639796,165.9830869,Zona Sur,Macho
87.97455137,172.2600971,Zona Sur,Macho
92.01768766,139.4963023,Zona Sur,Macho
89.25985529,169.8374362,Zona Sur,Macho
95.95659472,167.449739,Zona Sur,Macho
97.34989879,157.7338427,Zona Sur,Macho
99.07527048,157.674149,Zona Sur,Macho
87.77784226,162.6001102,Zona Sur,Macho
101.3721974,160.1973888,Zona Sur,Macho
83.47125308,149.3679646,Zona Sur,Macho
87.66940643,153.2697387,Zona Sur,Macho
84.92801187,166.2526039,Zona Sur,Macho
84.64310739,146.1096815,Zona Sur,Macho
86.94708822,165.2177914,Zona Sur,Macho
85.45438689,160.6530262,Zona Sur,Macho
87.39915248,156.5555998,Zona Sur,Macho
82.2614605,166.1512054,Zona Sur,Macho
101.4134628,163.1277189,Zona Sur,Macho
100.5347822,183.420552,Zona Sur,Macho
90.84386755,156.7368287,Zona Sur,Macho
82.50453444,172.2845429,Zona Sur,Macho
87.22547329,147.9620668,Zona Sur,Macho
85.10320997,161.9245041,Zona Sur,Macho
88.80943454,156.7187462,Zona Sur,Macho
92.3137696,165.3659204,Zona Sur,Macho
94.68244958,164.8628151,Zona Sur,Macho
97.80220328,166.442062,Zona Sur,Macho
84.57110647,148.9974139,Zona Sur,Macho
87.99640802,155.609765,Zona Sur,Macho
92.5267814,166.2770946,Zona Sur,Macho
92.27125697,159.2112561,Zona Sur,Macho
92.30312123,163.6539563,Zona Sur,Macho
96.03521309,169.221977,Zona Sur,Macho
98.42983363,171.0875981,Zona Sur,Macho
100.8605321,173.8743478,Zona Sur,Macho
101.6723618,183.6898601,Zona Sur,Macho
91.22478048,141.8476364,Zona Sur,Macho
87.4862159,164.8538624,Zona Sur,Macho
85.7723115,163.9308711,Zona Sur,Macho
99.86664702,169.1374217,Zona Sur,Macho
98.42731357,156.336523,Zona Sur,Macho
91.36669112,160.8868288,Zona Sur,Macho
92.18760031,165.7645144,Zona Sur,Macho
99.6269571,177.7168532,Zona Sur,Macho
85.63010188,162.1073255,Zona Sur,Macho
101.7119492,177.7057882,Zona Sur,Macho
95.2795256,161.3622516,Zona Sur,Macho
95.15385937,171.8284879,Zona Sur,Macho
88.14140369,175.0294083,Zona Sur,Macho
86.60296271,172.7850247,Zona Sur,Macho
82.62097035,147.3208465,Zona Sur,Macho
82.50407845,149.6928721,Zona Sur,Macho
89.44085624,162.4367434,Zona Sur,Macho
82.51170672,148.0406354,Zona Sur,Macho
95.54773311,173.0508026,Zona Sur,Macho
85.46705985,164.2036126,Zona Sur,Macho
89.254679,171.0358361,Zona Sur,Macho
99.68999952,168.7423563,Zona Sur,Macho
97.26478222,142.5838216,Zona Sur,Macho
87.32470388,153.5700977,Zona Sur,Macho
90.34602067,163.5889193,Zona Sur,Macho
90.94296455,159.4074063,Zona Sur,Macho
99.98221259,157.2153449,Zona Sur,Macho
91.8626037,161.9822536,Zona Sur,Macho
84.34679252,163.3066418,Zona Sur,Macho
88.45782345,174.1498762,Zona Sur,Macho
82.86576845,149.175948,Zona Sur,Macho
100.5923193,152.840883,Zona Sur,Macho
82.50443027,165.5591114,Zona Sur,Macho
101.6994158,191.4631115,Zona Sur,Macho
83.87619545,151.7247383,Zona Sur,Macho
82.02687131,123.929102,Zona Sur,Macho
95.69433073,159.0735636,Zona Sur,Macho
82.76396952,150.0580456,Zona Sur,Macho
93.1278668,176.760114,Zona Sur,Macho
89.15231421,145.8693897,Zona Sur,Macho
90.06230452,160.5437841,Zona Sur,Macho
94.91992771,166.9839203,Zona Sur,Macho
85.15377437,153.3173388,Zona Sur,Macho
84.17173872,181.7480219,Zona Sur,Macho
93.20445989,169.111729,Zona Sur,Macho
95.65137058,167.9218465,Zona Sur,Macho
87.64719676,167.0517345,Zona Sur,Macho
99.8244568,190.4553811,Zona Sur,Macho
85.4125219,134.2216479,Zona Sur,Macho
87.53095051,165.8353787,Zona Sur,Macho
96.55446662,173.1218463,Zona Sur,Macho
97.48106751,156.9571842,Zona Sur,Macho
87.54820346,153.8611396,Zona Sur,Macho
96.59492354,172.42017,Zona Sur,Macho
94.9076408,164.6454424,Zona Sur,Macho
90.19135245,154.478074,Zona Sur,Macho
82.92542144,134.4746545,Zona Sur,Macho
86.80910216,127.2826604,Zona Sur,Macho
89.37290724,157.6241951,Zona Sur,Macho
99.81121618,165.1067287,Zona Sur,Macho
86.56868147,144.5937091,Zona Sur,Macho
100.711154,168.1192961,Zona Sur,Macho
95.84659885,161.4641325,Zona Sur,Macho
100.2140518,163.1394174,Zona Sur,Macho
89.13407926,160.8159948,Zona Sur,Macho
91.01559528,142.2643973,Zona Sur,Macho
85.08499998,154.222468,Zona Sur,Macho
98.4964578,178.586861,Zona Sur,Macho
97.21386732,160.3668763,Zona Sur,Macho
92.15555233,154.6948989,Zona Sur,Macho
100.5762093,178.4656304,Zona Sur,Macho
97.93942817,165.2762533,Zona Sur,Macho
99.82217044,155.7785446,Zona Sur,Macho
89.60751056,162.372427,Zona Sur,Macho
82.8745274,162.1472711,Zona Sur,Macho
91.52728073,171.5913237,Zona Sur,Macho
96.39324969,168.224833,Zona Sur,Macho
98.86255818,182.5345349,Zona Sur,Macho
94.84193865,161.1979927,Zona Sur,Macho
83.68266551,151.5055216,Zona Sur,Macho
100.6952559,164.2295259,Zona Sur,Macho
85.15280908,147.8245845,Zona Sur,Macho
93.50718469,150.0535697,Zona Sur,Macho
91.81426672,156.7811527,Zona Sur,Macho
96.37501618,182.3817526,Zona Sur,Macho
100.780758,169.3113349,Zona Sur,Macho
92.42365249,170.4247975,Zona Sur,Macho
86.47635286,151.9896409,Zona Sur,Macho
98.44412769,169.8784718,Zona Sur,Macho
98.85965575,153.6520305,Zona Sur,Macho
93.1547031,177.7287085,Zona Sur,Macho
94.16080539,148.3791694,Zona Sur,Macho
85.75351198,142.6948279,Zona Sur,Macho
91.35933156,180.4895146,Zona Sur,Macho
94.95948978,148.6120304,Zona Sur,Macho
85.66232743,150.4616409,Zona Sur,Macho
85.46194562,143.4520571,Zona Sur,Macho
95.63890345,169.0134671,Zona Sur,Macho
88.28338201,147.4220511,Zona Sur,Macho
100.3501181,153.7080032,Zona Sur,Macho
90.1549394,166.1359117,Zona Sur,Macho
92.27717794,159.4993571,Zona Sur,Macho
95.90839267,169.9897765,Zona Sur,Macho
83.9615462,154.5609148,Zona Sur,Macho
97.08843702,167.0526716,Zona Sur,Macho
99.55562821,174.9172538,Zona Sur,Macho
91.52659666,146.1158849,Zona Sur,Macho
83.27662518,172.815604,Zona Sur,Macho
86.86304366,164.7034617,Zona Sur,Macho
82.11791102,158.3617323,Zona Sur,Macho
101.5000404,150.9059357,Zona Sur,Macho
86.7923766,155.3710854,Zona Sur,Macho
93.26828851,160.9460671,Zona Sur,Macho
89.73780885,149.1367025,Zona Sur,Macho
87.15034819,167.2302032,Zona Sur,Macho
88.63338648,159.7222872,Zona Sur,Macho
90.68293183,171.2699564,Zona Sur,Macho
89.31539204,162.0032987,Zona Sur,Macho
97.64783358,163.8517741,Zona Sur,Macho
91.68642522,167.9031141,Zona Sur,Macho
97.05325625,160.5019554,Zona Sur,Macho
98.24902798,176.7403703,Zona Sur,Macho
85.51113553,164.6393316,Zona Sur,Macho
89.18885732,142.0249462,Zona Sur,Macho
83.4905855,163.0696544,Zona Sur,Macho
86.6602964,154.9747148,Zona Sur,Macho
90.76819799,174.4727297,Zona Sur,Macho
101.2018245,173.0803771,Zona Sur,Macho
88.04484919,173.1679106,Zona Sur,Macho
91.31435742,164.1199529,Zona Sur,Macho
90.51930922,174.1251994,Zona Sur,Macho
99.31430565,160.6496762,Zona Sur,Macho
99.49438023,163.2190794,Zona Sur,Macho
91.84699243,161.9081635,Zona Sur,Macho
86.43736587,150.4613562,Zona Sur,Macho
83.35316774,168.737448,Zona Sur,Macho
97.0923525,154.4660204,Zona Sur,Macho
101.9307932,171.5109928,Zona Sur,Macho
88.32973076,149.9585548,Zona Sur,Macho
86.57061359,159.6024253,Zona Sur,Macho
101.1951879,161.9647321,Zona Sur,Macho
99.13212286,170.2350904,Zona Sur,Macho
100.9393566,172.768687,Zona Sur,Macho
91.74406876,182.9915446,Zona Sur,Macho
86.98106031,146.3500187,Zona Sur,Macho
87.89224831,158.7708649,Zona Sur,Macho
84.88183861,169.2160301,Zona Sur,Macho
82.54148895,149.031822,Zona Sur,Macho
98.25687635,175.7425128,Zona Sur,Macho
98.86464583,171.5442225,Zona Sur,Macho
84.31876141,178.1912449,Zona Sur,Macho
89.8006464,157.2968214,Zona Sur,Macho
100.4546436,164.6567344,Zona Sur,Macho
84.11458177,173.5589476,Zona Sur,Macho
90.4086884,151.8881704,Zona Sur,Macho
99.88148742,167.5280033,Zona Sur,Macho
100.158763,162.9340381,Zona Sur,Macho
90.47575062,145.4594511,Zona Sur,Macho
101.7460847,174.3494528,Zona Sur,Macho
98.38218762,175.8525189,Zona Sur,Macho
94.71900851,165.390378,Zona Sur,Macho
82.30906868,141.835044,Zona Sur,Macho
101.5487534,173.8447771,Zona Sur,Macho
100.0281409,170.9578629,Zona Sur,Macho
84.27270553,165.0842561,Zona Sur,Macho
88.68571066,173.8786633,Zona Sur,Macho
91.04604702,168.9400653,Zona Sur,Macho
89.98720855,161.3440102,Zona Sur,Macho
99.81529042,171.3860305,Zona Sur,Macho
100.1554365,175.6324517,Zona Sur,Macho
88.56804638,159.6321257,Zona Sur,Macho
97.9835678,152.032109,Zona Sur,Macho
92.52857686,162.0702624,Zona Sur,Macho
83.42920735,150.038489,Zona Sur,Macho
82.67473133,150.4267187,Zona Sur,Macho
87.37727749,150.7735944,Zona Sur,Macho
94.67680913,174.2783822,Zona Sur,Macho
92.84501619,152.0446721,Zona Sur,Macho
99.00149545,167.7378865,Zona Sur,Macho
82.65180692,141.3019196,Zona Sur,Macho
93.97045624,157.3359426,Zona Sur,Macho
83.06002917,157.9840783,Zona Sur,Macho
93.54465817,172.6210071,Zona Sur,Macho
93.80102415,165.9040017,Zona Sur,Macho
92.51310683,149.438447,Zona Sur,Macho
98.43062703,162.1590527,Zona Sur,Macho
87.54345995,153.9076417,Zona Sur,Macho
89.40490819,152.0975771,Zona Sur,Macho
99.82273833,171.3902207,Zona Sur,Macho
100.0198727,177.1726717,Zona Sur,Macho
95.84187297,158.3461781,Zona Sur,Macho
92.45662558,149.552485,Zona Sur,Macho
86.9301948,168.607009,Zona Sur,Macho
82.27529053,150.8943852,Zona Sur,Macho
84.14890859,151.6781538,Zona Sur,Macho
88.01036642,168.3420256,Zona Sur,Macho
88.60628188,151.191052,Zona Sur,Macho
99.20207367,166.9364975,Zona Sur,Macho
98.44854036,154.2530682,Zona Sur,Macho
90.07895913,153.0720298,Zona Sur,Macho
95.75866011,162.363169,Zona Sur,Macho
85.63114452,157.0154138,Zona Sur,Macho
91.00361539,171.4323642,Zona Sur,Macho
85.85230386,131.1652719,Zona Sur,Macho
101.4305227,183.6481927,Zona Sur,Macho
82.50018223,149.4215324,Zona Norte,Hembra
81.23232971,158.8131855,Zona Norte,Hembra
75.22723951,139.4886054,Zona Norte,Hembra
78.6271786,139.239734,Zona Norte,Hembra
79.39386181,149.1168686,Zona Norte,Hembra
76.31038662,135.6479001,Zona Norte,Hembra
77.67660459,134.1729015,Zona Norte,Hembra
74.59606196,145.3506187,Zona Norte,Hembra
82.22133513,143.1986047,Zona Norte,Hembra
82.20138963,188.8690996,Zona Norte,Hembra
84.4137084,165.6255552,Zona Norte,Hembra
80.05471779,156.3261478,Zona Norte,Hembra
83.60258465,160.9100444,Zona Norte,Hembra
75.02274003,163.9521162,Zona Norte,Hembra
78.65264429,154.8142804,Zona Norte,Hembra
78.89140766,133.5007872,Zona Norte,Hembra
84.36640525,145.8897163,Zona Norte,Hembra
79.46702328,138.1253287,Zona Norte,Hembra
83.32325229,145.3561946,Zona Norte,Hembra
84.21083613,160.7249133,Zona Norte,Hembra
73.04515224,145.0891433,Zona Norte,Hembra
81.98880507,137.544718,Zona Norte,Hembra
79.30973261,139.6131789,Zona Norte,Hembra
74.10129354,153.3351742,Zona Norte,Hembra
82.49318791,143.8461778,Zona Norte,Hembra
73.16101761,135.4237818,Zona Norte,Hembra
78.32766591,142.4409647,Zona Norte,Hembra
83.29394012,155.0403924,Zona Norte,Hembra
82.78966871,155.8089937,Zona Norte,Hembra
84.76091096,150.6668161,Zona Norte,Hembra
83.32016943,168.5922116,Zona Norte,Hembra
74.90542078,164.0371447,Zona Norte,Hembra
80.49027056,157.4025928,Zona Norte,Hembra
77.41598306,151.8226988,Zona Norte,Hembra
80.40894574,162.4475612,Zona Norte,Hembra
74.19924508,128.9939808,Zona Norte,Hembra
77.20805863,150.6212208,Zona Norte,Hembra
73.06151451,139.5796875,Zona Norte,Hembra
81.00773445,148.9234201,Zona Norte,Hembra
79.86347286,153.0472405,Zona Norte,Hembra
73.19328971,141.8274313,Zona Norte,Hembra
81.37653404,160.0836846,Zona Norte,Hembra
77.8878975,155.8473303,Zona Norte,Hembra
78.87756662,144.9775413,Zona Norte,Hembra
75.42271406,139.2537905,Zona Norte,Hembra
78.25924552,156.78237,Zona Norte,Hembra
81.76321184,159.4307464,Zona Norte,Hembra
77.74690516,146.2786304,Zona Norte,Hembra
76.97765717,128.9245044,Zona Norte,Hembra
79.05531844,149.1382812,Zona Norte,Hembra
81.55464331,156.8486352,Zona Norte,Hembra
77.09844898,136.8573553,Zona Norte,Hembra
84.39379026,169.0203411,Zona Norte,Hembra
73.6032333,137.6293216,Zona Norte,Hembra
72.10656731,134.808891,Zona Norte,Hembra
72.13705,142.419475,Zona Norte,Hembra
73.15093148,156.709271,Zona Norte,Hembra
84.74156929,159.8497288,Zona Norte,Hembra
83.50915695,159.1394635,Zona Norte,Hembra
78.26388068,146.8928802,Zona Norte,Hembra
83.72782156,132.1668244,Zona Norte,Hembra
80.9412623,141.7053892,Zona Norte,Hembra
78.19111168,132.6379461,Zona Norte,Hembra
84.75756753,158.8079818,Zona Norte,Hembra
75.20647973,138.1023984,Zona Norte,Hembra
84.79625698,156.5003308,Zona Norte,Hembra
72.94966191,148.1924688,Zona Norte,Hembra
74.44929937,141.1522469,Zona Norte,Hembra
83.7284589,161.5682309,Zona Norte,Hembra
76.98849107,144.2542733,Zona Norte,Hembra
83.44307253,144.787472,Zona Norte,Hembra
72.90151421,147.3621651,Zona Norte,Hembra
82.48083963,158.5755011,Zona Norte,Hembra
81.91902818,145.1033583,Zona Norte,Hembra
72.1406212,145.1201345,Zona Norte,Hembra
76.84146955,149.2378275,Zona Norte,Hembra
73.06586965,139.7554718,Zona Norte,Hembra
76.10181177,145.9966554,Zona Norte,Hembra
73.07759955,146.5606964,Zona Norte,Hembra
76.44395865,150.3593649,Zona Norte,Hembra
73.84112564,151.0354276,Zona Norte,Hembra
76.79123438,161.1358904,Zona Norte,Hembra
74.2521645,131.697468,Zona Norte,Hembra
83.01783926,173.6613578,Zona Norte,Hembra
75.62429406,143.9402718,Zona Norte,Hembra
75.4471316,144.2160168,Zona Norte,Hembra
83.04480566,146.5170916,Zona Norte,Hembra
79.23474393,151.8313384,Zona Norte,Hembra
80.79930147,136.5917062,Zona Norte,Hembra
83.72201323,143.1861884,Zona Norte,Hembra
73.5125182,160.0598218,Zona Norte,Hembra
80.08339884,151.5354829,Zona Norte,Hembra
82.21523593,141.0404514,Zona Norte,Hembra
80.21271947,129.7817167,Zona Norte,Hembra
72.4962357,130.8104471,Zona Norte,Hembra
74.52657362,135.8143433,Zona Norte,Hembra
75.61867104,157.6484106,Zona Norte,Hembra
76.64082635,137.5260447,Zona Norte,Hembra
73.29813309,133.5359938,Zona Norte,Hembra
76.43291127,152.4427854,Zona Norte,Hembra
76.90709821,130.423848,Zona Norte,Hembra
72.555474,117.849971,Zona Norte,Hembra
75.15050105,157.8610133,Zona Norte,Hembra
82.68445003,154.0872778,Zona Norte,Hembra
72.05327986,139.8493309,Zona Norte,Hembra
82.89663854,153.7749281,Zona Norte,Hembra
82.3391673,159.5599721,Zona Norte,Hembra
73.83423837,158.1406833,Zona Norte,Hembra
80.06715349,149.6864755,Zona Norte,Hembra
76.48851631,160.9801527,Zona Norte,Hembra
78.19916173,150.957665,Zona Norte,Hembra
81.9123132,159.8962577,Zona Norte,Hembra
82.6980241,155.7706262,Zona Norte,Hembra
74.75407581,155.0399306,Zona Norte,Hembra
77.37478556,146.6628935,Zona Norte,Hembra
79.57084465,137.5523376,Zona Norte,Hembra
82.91580806,152.6583306,Zona Norte,Hembra
83.75941459,184.621442,Zona Norte,Hembra
72.35384748,123.2221298,Zona Norte,Hembra
76.18211747,161.9380017,Zona Norte,Hembra
73.90106504,159.6459223,Zona Norte,Hembra
75.73447638,138.8862878,Zona Norte,Hembra
82.57385977,147.3075531,Zona Norte,Hembra
74.97360872,128.8826049,Zona Norte,Hembra
84.99741039,167.2411244,Zona Norte,Hembra
81.28599259,155.4520178,Zona Norte,Hembra
82.02050512,153.8822443,Zona Norte,Hembra
78.79958143,124.2826382,Zona Norte,Hembra
77.43167191,140.4768224,Zona Norte,Hembra
79.85120917,137.691168,Zona Norte,Hembra
79.42819429,166.2264846,Zona Norte,Hembra
76.34364602,143.7291312,Zona Norte,Hembra
84.00054016,141.4501112,Zona Norte,Hembra
73.13068475,135.1423515,Zona Norte,Hembra
76.27469314,152.9508209,Zona Norte,Hembra
78.16281733,156.2427315,Zona Norte,Hembra
80.36239749,138.2705904,Zona Norte,Hembra
76.85756304,137.8062258,Zona Norte,Hembra
81.83748671,136.0049631,Zona Norte,Hembra
81.65129588,149.3061653,Zona Norte,Hembra
82.72116242,153.94135,Zona Norte,Hembra
82.86809027,161.0725244,Zona Norte,Hembra
84.11776653,160.5832796,Zona Norte,Hembra
84.93280343,147.6757198,Zona Norte,Hembra
83.39942009,150.2434142,Zona Norte,Hembra
75.15699702,141.4049863,Zona Norte,Hembra
79.66621436,150.6571953,Zona Norte,Hembra
82.39888088,152.5034738,Zona Norte,Hembra
73.26853868,155.4290729,Zona Norte,Hembra
81.68581588,156.3163547,Zona Norte,Hembra
78.17462774,162.3670559,Zona Norte,Hembra
81.63392308,131.9420796,Zona Norte,Hembra
82.91628143,156.7981554,Zona Norte,Hembra
74.2891698,140.1454219,Zona Norte,Hembra
74.04391717,144.1157367,Zona Norte,Hembra
74.5728747,139.146476,Zona Norte,Hembra
74.94230118,135.8420856,Zona Norte,Hembra
77.86465515,158.888956,Zona Norte,Hembra
84.47248453,140.3197679,Zona Norte,Hembra
76.94886599,124.2059211,Zona Norte,Hembra
73.52744155,145.6290085,Zona Norte,Hembra
74.35102496,135.9333426,Zona Norte,Hembra
76.39855031,136.1856842,Zona Norte,Hembra
76.279058,154.1472328,Zona Norte,Hembra
72.75697028,135.1170968,Zona Norte,Hembra
72.47760016,166.6759361,Zona Norte,Hembra
77.06423996,148.3681904,Zona Norte,Hembra
84.29168778,152.254475,Zona Norte,Hembra
75.6291313,151.2206248,Zona Norte,Hembra
75.68861048,136.4552818,Zona Norte,Hembra
81.69118145,167.570212,Zona Norte,Hembra
72.19577605,135.9875204,Zona Norte,Hembra
75.40464177,138.5769522,Zona Norte,Hembra
79.4122267,157.8541667,Zona Norte,Hembra
75.83416744,146.9744609,Zona Norte,Hembra
84.52312836,136.6129251,Zona Norte,Hembra
82.78128771,160.8295386,Zona Norte,Hembra
81.40833187,154.4257801,Zona Norte,Hembra
77.95345214,144.1247145,Zona Norte,Hembra
74.90610071,136.9788785,Zona Norte,Hembra
76.60429312,152.6794171,Zona Norte,Hembra
75.75646083,127.8607364,Zona Norte,Hembra
77.59072299,161.009888,Zona Norte,Hembra
75.38029806,153.7037454,Zona Norte,Hembra
79.91585032,147.3710268,Zona Norte,Hembra
75.05467764,155.9217777,Zona Norte,Hembra
79.71436516,157.469534,Zona Norte,Hembra
78.56278257,142.578928,Zona Norte,Hembra
84.74494798,169.496864,Zona Norte,Hembra
82.81337112,161.4760538,Zona Norte,Hembra
73.28069397,136.5656164,Zona Norte,Hembra
74.20586995,145.4961708,Zona Norte,Hembra
81.30883695,151.3767356,Zona Norte,Hembra
82.62331657,157.6752868,Zona Norte,Hembra
84.51771266,160.2157869,Zona Norte,Hembra
80.2740636,154.1114428,Zona Norte,Hembra
79.59607176,158.0168801,Zona Norte,Hembra
84.7014857,147.1270485,Zona Norte,Hembra
82.55390252,174.6220898,Zona Norte,Hembra
79.65291465,141.5944484,Zona Norte,Hembra
74.38597234,147.4385512,Zona Norte,Hembra
78.20250792,151.7347379,Zona Norte,Hembra
78.21619485,144.8011249,Zona Norte,Hembra
78.71775946,153.863755,Zona Norte,Hembra
73.13658456,139.3835728,Zona Norte,Hembra
81.42693145,153.4888278,Zona Norte,Hembra
80.11805384,156.3706899,Zona Norte,Hembra
73.44691173,139.084032,Zona Norte,Hembra
83.94180585,136.4978161,Zona Norte,Hembra
81.19528293,144.1155597,Zona Norte,Hembra
73.46776264,133.8600459,Zona Norte,Hembra
75.00165454,135.1700004,Zona Norte,Hembra
77.44857822,153.5052973,Zona Norte,Hembra
72.09562423,148.346477,Zona Norte,Hembra
72.7836028,150.641848,Zona Norte,Hembra
73.90940233,132.2632637,Zona Norte,Hembra
81.07124643,154.6759156,Zona Norte,Hembra
82.21956396,141.6125942,Zona Norte,Hembra
76.3896635,153.4734858,Zona Norte,Hembra
75.03675388,156.6826857,Zona Norte,Hembra
72.5678857,125.1506806,Zona Norte,Hembra
74.38856281,149.9045423,Zona Norte,Hembra
84.91535598,148.4558895,Zona Norte,Hembra
79.80068301,144.5381395,Zona Norte,Hembra
80.98000829,151.1142946,Zona Norte,Hembra
74.62609535,138.2909647,Zona Norte,Hembra
75.25256824,137.4906944,Zona Norte,Hembra
74.94673767,150.1161088,Zona Norte,Hembra
74.43807796,135.984631,Zona Norte,Hembra
73.49704019,151.7922897,Zona Norte,Hembra
72.54199911,141.6638406,Zona Norte,Hembra
84.54211915,155.8068642,Zona Norte,Hembra
81.45438898,152.2209611,Zona Norte,Hembra
76.95646516,157.7845152,Zona Norte,Hembra
74.49342581,132.2421662,Zona Norte,Hembra
84.58268801,171.3831878,Zona Norte,Hembra
81.95642404,137.2184844,Zona Norte,Hembra
75.55091535,161.8458838,Zona Norte,Hembra
78.34064137,139.8826028,Zona Norte,Hembra
74.91998503,145.8924626,Zona Norte,Hembra
77.89344494,127.8449188,Zona Norte,Hembra
76.01590114,146.069725,Zona Norte,Hembra
79.00859082,130.8802138,Zona Norte,Hembra
72.86517443,128.8108704,Zona Norte,Hembra
75.2402276,134.4007506,Zona Norte,Hembra
72.62204247,135.7479251,Zona Norte,Hembra
78.24469933,150.5671873,Zona Norte,Hembra
73.90554821,131.0198327,Zona Norte,Hembra
75.73742584,140.1662004,Zona Norte,Hembra
77.04953567,153.2709576,Zona Norte,Hembra
84.89318574,143.0178002,Zona Norte,Hembra
78.72727516,158.0728359,Zona Norte,Hembra
78.03452761,141.4079766,Zona Norte,Hembra
73.93201951,159.6099435,Zona Norte,Hembra
74.67330065,154.3578037,Zona Norte,Hembra
83.6709193,150.4648983,Zona Norte,Hembra
77.03192041,153.5724847,Zona Norte,Hembra
75.8817458,130.8896699,Zona Norte,Hembra
79.17889448,135.8373255,Zona Norte,Hembra
74.77409222,143.7685055,Zona Norte,Hembra
73.87328421,138.2993382,Zona Norte,Hembra
83.69185719,161.2144679,Zona Norte,Hembra
81.98917321,150.5371873,Zona Norte,Hembra
78.98350064,128.0195675,Zona Norte,Hembra
80.14496567,149.3459985,Zona Norte,Hembra
74.60467675,139.3445243,Zona Norte,Hembra
76.72617923,154.7424504,Zona Norte,Hembra
81.68782924,153.6425475,Zona Norte,Hembra
83.70449821,154.975671,Zona Norte,Hembra
75.49980097,131.8886075,Zona Norte,Hembra
74.01727452,154.8921885,Zona Norte,Hembra
74.5175773,129.8704499,Zona Norte,Hembra
75.96504179,154.2890575,Zona Norte,Hembra
81.8872945,163.403609,Zona Norte,Hembra
77.63703712,152.7554306,Zona Norte,Hembra
79.30303403,138.6218601,Zona Norte,Hembra
76.95392988,148.8570721,Zona Norte,Hembra
76.02600566,157.8969388,Zona Norte,Hembra
84.72234213,151.65458,Zona Norte,Hembra
82.33071203,153.7720245,Zona Norte,Hembra
82.6103498,147.542315,Zona Norte,Hembra
76.7718957,144.435102,Zona Norte,Hembra
79.20022771,114.0766734,Zona Norte,Hembra
73.24105063,136.0421597,Zona Norte,Hembra
77.46307216,163.1912741,Zona Norte,Hembra
72.41309811,127.5566995,Zona Norte,Hembra
74.72844358,139.4945086,Zona Norte,Hembra
79.15782615,141.9847779,Zona Norte,Hembra
81.62328286,151.3563898,Zona Norte,Hembra
74.18108232,159.40961,Zona Norte,Hembra
76.78643023,160.0527867,Zona Norte,Hembra
82.11625584,147.4256227,Zona Norte,Hembra
72.54162131,133.381751,Zona Norte,Hembra
81.19255033,164.29095,Zona Norte,Hembra
79.84301305,148.9267857,Zona Norte,Hembra
77.00673963,144.8406007,Zona Norte,Hembra
74.33545736,134.6494255,Zona Norte,Hembra
76.39415037,152.7742806,Zona Norte,Hembra
75.70273639,147.9655125,Zona Norte,Hembra
73.00938768,144.5660885,Zona Norte,Hembra
74.51282614,136.0060013,Zona Norte,Hembra
75.71027725,145.117389,Zona Norte,Hembra
82.34090689,147.2119676,Zona Norte,Hembra
81.91022257,167.5912165,Zona Norte,Hembra
74.75362205,150.0173447,Zona Norte,Hembra
73.22378698,145.863407,Zona Norte,Hembra
82.86053362,164.837232,Zona Norte,Hembra
78.5574908,147.0085019,Zona Norte,Hembra
84.95493959,158.3757813,Zona Norte,Hembra
75.70823058,137.6206817,Zona Norte,Hembra
77.79997498,143.0941585,Zona Norte,Hembra
80.33806889,143.676214,Zona Norte,Hembra
77.95112455,151.0921553,Zona Norte,Hembra
74.94671199,122.4312041,Zona Norte,Hembra
73.16303045,138.1934707,Zona Norte,Hembra
77.01477382,151.1758369,Zona Norte,Hembra
80.72509551,147.1922288,Zona Norte,Hembra
75.10027944,151.2328439,Zona Norte,Hembra
82.81279576,168.3711747,Zona Norte,Hembra
72.48551309,147.8726967,Zona Norte,Hembra
77.25991279,137.5736425,Zona Norte,Hembra
78.3420722,166.0103325,Zona Norte,Hembra
78.92973184,154.180016,Zona Norte,Hembra
84.62765786,152.6130908,Zona Norte,Hembra
76.66412518,151.8560222,Zona Norte,Hembra
81.35085748,155.5173259,Zona Norte,Hembra
80.19984714,140.3440314,Zona Norte,Hembra
84.1442932,162.7914002,Zona Norte,Hembra
79.86148976,150.662948,Zona Norte,Hembra
80.95994543,139.1560285,Zona Norte,Hembra
84.98318067,154.6198822,Zona Norte,Hembra
79.71342524,139.9049369,Zona Norte,Hembra
76.7469322,136.4078688,Zona Norte,Hembra
77.48665815,140.6710392,Zona Norte,Hembra
83.12811248,151.0310248,Zona Norte,Hembra
82.43068115,155.5488125,Zona Norte,Hembra
75.0262876,124.4095906,Zona Norte,Hembra
79.11445961,122.4916904,Zona Norte,Hembra
78.7931143,120.8456354,Zona Norte,Hembra
84.71509037,154.8856728,Zona Norte,Hembra
80.84060858,152.3973333,Zona Norte,Hembra
76.74509286,132.2608888,Zona Norte,Hembra
76.61118122,141.3583125,Zona Norte,Hembra
75.7171394,151.0465863,Zona Norte,Hembra
79.58198041,150.6626738,Zona Norte,Hembra
73.85559005,160.8773843,Zona Norte,Hembra
83.71828657,169.1065568,Zona Norte,Hembra
74.66865359,141.906633,Zona Norte,Hembra
72.67451258,144.7819369,Zona Norte,Hembra
84.54935925,154.0169077,Zona Norte,Hembra
74.81652877,125.2766089,Zona Norte,Hembra
76.09407424,140.5583918,Zona Norte,Hembra
81.03882264,160.4135545,Zona Norte,Hembra
76.20168733,138.1228982,Zona Norte,Hembra
83.54812031,139.3623889,Zona Norte,Hembra
74.88302054,142.9179593,Zona Norte,Hembra
80.05816092,147.6966374,Zona Norte,Hembra
72.38205977,137.0104788,Zona Norte,Hembra
79.58264966,161.9010386,Zona Norte,Hembra
82.11925282,155.3228882,Zona Norte,Hembra
80.84542462,152.1578762,Zona Norte,Hembra
72.98638465,130.9382722,Zona Norte,Hembra
72.36962627,144.3006467,Zona Norte,Hembra
80.91181425,144.9901416,Zona Norte,Hembra
83.59881484,140.2434199,Zona Norte,Hembra
84.31572983,154.0395668,Zona Norte,Hembra
80.47731264,142.0221524,Zona Norte,Hembra
84.19885767,131.7069833,Zona Norte,Hembra
78.33822091,136.621098,Zona Norte,Hembra
72.36961383,153.800963,Zona Norte,Hembra
72.68568622,154.7246073,Zona Norte,Hembra
82.44870353,141.3865378,Zona Norte,Hembra
80.76331528,160.9401923,Zona Norte,Hembra
77.36634609,169.9996348,Zona Norte,Hembra
75.18281588,147.3691745,Zona Norte,Hembra
78.80644266,143.9065642,Zona Norte,Hembra
83.9607227,145.2327912,Zona Norte,Hembra
80.98294781,146.0016019,Zona Norte,Hembra
72.57771125,143.2065209,Zona Norte,Hembra
80.73980614,153.5827903,Zona Norte,Hembra
79.49092607,141.3781125,Zona Norte,Hembra
80.98729489,145.9503711,Zona Norte,Hembra
75.13353756,143.4551661,Zona Norte,Hembra
72.98880448,146.9939746,Zona Norte,Hembra
74.72200933,129.6846659,Zona Norte,Hembra
76.37407738,132.6171723,Zona Norte,Hembra
75.40173802,146.9916007,Zona Norte,Hembra
79.13754925,137.7668591,Zona Norte,Hembra
84.4648796,160.6488659,Zona Norte,Hembra
72.81270812,150.8309497,Zona Norte,Hembra
72.15464535,162.8634016,Zona Norte,Hembra
74.28840248,145.5711023,Zona Norte,Hembra
72.69458509,162.015963,Zona Norte,Hembra
81.41512024,153.0491513,Zona Norte,Hembra
81.66368512,151.4827887,Zona Norte,Hembra
84.69596015,164.602755,Zona Norte,Hembra
82.61717023,145.8071162,Zona Norte,Hembra
75.34812885,159.5882025,Zona Norte,Hembra
82.0718545,162.327993,Zona Norte,Hembra
75.2639402,154.4101704,Zona Norte,Hembra
77.33371076,153.2015343,Zona Norte,Hembra
75.06207541,160.9991895,Zona Norte,Hembra
75.16191506,160.1500935,Zona Norte,Hembra
80.96739094,133.3123147,Zona Norte,Hembra
81.01938526,151.440319,Zona Norte,Hembra
73.41654931,133.9577575,Zona Norte,Hembra
81.50469063,146.6309565,Zona Norte,Hembra
76.32478082,122.7578922,Zona Norte,Hembra
72.62099972,119.2881252,Zona Norte,Hembra
76.56643679,142.3814105,Zona Norte,Hembra
76.78841449,153.8499231,Zona Norte,Hembra
83.43942038,156.2479455,Zona Norte,Hembra
81.021814,163.7785036,Zona Norte,Hembra
73.17358057,140.4885918,Zona Norte,Hembra
72.58254832,143.2367638,Zona Norte,Hembra
79.74236852,142.0496428,Zona Norte,Hembra
77.43443359,132.8374415,Zona Norte,Hembra
73.71064772,144.1282704,Zona Norte,Hembra
76.48623605,158.9118113,Zona Norte,Hembra
72.32481836,146.8983234,Zona Norte,Hembra
73.52483048,131.8640085,Zona Norte,Hembra
79.30714786,131.0510347,Zona Norte,Hembra
80.7693988,127.8890108,Zona Norte,Hembra
80.73403393,153.3735631,Zona Norte,Hembra
79.56892928,136.3493832,Zona Norte,Hembra
80.9304001,140.2368011,Zona Norte,Hembra
73.47050764,157.0503188,Zona Norte,Hembra
76.81788811,130.7665274,Zona Norte,Hembra
82.12157387,141.0046421,Zona Norte,Hembra
84.07406435,147.0649927,Zona Norte,Hembra
75.56950374,136.8688233,Zona Norte,Hembra
74.71570419,158.9901898,Zona Norte,Hembra
72.77044619,143.8694175,Zona Norte,Hembra
77.25724587,161.4233802,Zona Norte,Hembra
74.0761871,157.4642818,Zona Norte,Hembra
83.02474968,152.3160863,Zona Norte,Hembra
83.21715657,152.010868,Zona Norte,Hembra
81.57850778,147.9636524,Zona Norte,Hembra
82.66605948,134.8521523,Zona Norte,Hembra
82.53637544,159.8617928,Zona Norte,Hembra
74.85670561,139.3873381,Zona Norte,Hembra
78.55480349,150.5901534,Zona Norte,Hembra
76.1222438,147.9335914,Zona Norte,Hembra
72.94937316,145.9474868,Zona Norte,Hembra
73.67817033,148.8411018,Zona Norte,Hembra
75.1636262,156.3500066,Zona Norte,Hembra
76.34227947,127.853855,Zona Norte,Hembra
75.69978116,148.3510146,Zona Norte,Hembra
74.60742221,144.3308695,Zona Norte,Hembra
74.32623702,147.6900906,Zona Norte,Hembra
75.56101758,129.8361317,Zona Norte,Hembra
82.7723236,147.7692165,Zona Norte,Hembra
74.85347002,130.8982309,Zona Norte,Hembra
78.30633358,151.0875074,Zona Norte,Hembra
74.41883913,120.7606491,Zona Norte,Hembra
79.0029982,145.4547354,Zona Norte,Hembra
78.31472508,140.4089841,Zona Norte,Hembra
82.190538,153.387477,Zona Norte,Hembra
76.94644938,132.3052156,Zona Norte,Hembra
78.53701085,154.6953432,Zona Norte,Hembra
72.0168605,138.9903282,Zona Norte,Hembra
77.57598705,163.4841919,Zona Norte,Hembra
72.2898203,168.355121,Zona Norte,Hembra
78.09078261,155.8779343,Zona Norte,Hembra
78.25959241,140.6730159,Zona Norte,Hembra
79.60541131,160.9299739,Zona Norte,Hembra
76.67475686,149.3309729,Zona Norte,Hembra
72.99259497,146.0983434,Zona Norte,Hembra
77.49494398,153.4040154,Zona Norte,Hembra
76.07926619,161.5222131,Zona Norte,Hembra
72.84439323,147.5737694,Zona Norte,Hembra
74.8523396,143.9058256,Zona Norte,Hembra
74.42043886,155.561687,Zona Norte,Hembra
84.45779952,147.8703207,Zona Norte,Hembra
74.5239426,158.9480212,Zona Norte,Hembra
79.14034186,155.0837623,Zona Norte,Hembra
81.22363149,148.2047858,Zona Norte,Hembra
81.57783529,153.4399452,Zona Norte,Hembra
77.52950643,150.183375,Zona Norte,Hembra
74.77429872,156.544636,Zona Norte,Hembra
76.84295516,138.8815588,Zona Norte,Hembra
74.19780538,140.1478679,Zona Norte,Hembra
75.84351585,158.5301671,Zona Norte,Hembra
74.18602427,148.9731628,Zona Norte,Hembra
76.61683284,145.8819003,Zona Norte,Hembra
79.18037021,132.8704043,Zona Norte,Hembra
81.94631005,148.8433081,Zona Norte,Hembra
79.8599018,138.5292902,Zona Norte,Hembra
83.51841389,145.3907813,Zona Norte,Hembra
82.1906422,154.4016912,Zona Norte,Hembra
83.46370903,172.2620647,Zona Norte,Hembra
76.45955047,131.0486828,Zona Norte,Hembra
81.73635506,139.3078204,Zona Norte,Hembra
80.64722421,151.9392304,Zona Norte,Hembra
83.4413396,166.0313624,Zona Norte,Hembra
74.99575518,141.6032441,Zona Norte,Hembra
79.47198422,160.4731551,Zona Norte,Hembra
77.37227349,148.5755413,Zona Norte,Hembra
80.98472519,143.1064785,Zona Norte,Hembra
84.4176874,151.8322199,Zona Norte,Hembra
72.33449419,135.8777661,Zona Sur,Hembra
82.82537877,149.6467417,Zona Sur,Hembra
80.61934482,157.6735467,Zona Sur,Hembra
73.44649345,142.9017307,Zona Sur,Hembra
83.43606833,159.2956156,Zona Sur,Hembra
73.61739917,141.5807822,Zona Sur,Hembra
72.96272969,145.3298536,Zona Sur,Hembra
83.34122013,144.3939273,Zona Sur,Hembra
76.63973,149.8608218,Zona Sur,Hembra
75.93443635,141.2953485,Zona Sur,Hembra
75.53159707,133.2788358,Zona Sur,Hembra
75.48572342,145.4171369,Zona Sur,Hembra
80.13107209,148.1380791,Zona Sur,Hembra
80.59064669,144.9627322,Zona Sur,Hembra
83.2359098,141.3115566,Zona Sur,Hembra
73.98181838,157.5975625,Zona Sur,Hembra
76.4506519,146.2034219,Zona Sur,Hembra
84.86228548,147.2580845,Zona Sur,Hembra
84.89652056,156.1169218,Zona Sur,Hembra
81.80054731,147.6075935,Zona Sur,Hembra
83.39776954,149.4430494,Zona Sur,Hembra
80.15187295,158.4010577,Zona Sur,Hembra
80.22204749,160.7139083,Zona Sur,Hembra
72.7846742,160.1726071,Zona Sur,Hembra
80.78629409,165.4717328,Zona Sur,Hembra
72.11004813,149.6406994,Zona Sur,Hembra
76.8976663,139.6024011,Zona Sur,Hembra
75.95426159,145.7003741,Zona Sur,Hembra
83.95859325,164.5163915,Zona Sur,Hembra
75.41950348,141.3693274,Zona Sur,Hembra
76.43045157,128.8196691,Zona Sur,Hembra
73.66165489,143.0049992,Zona Sur,Hembra
78.04366877,136.6576675,Zona Sur,Hembra
77.1192394,165.9415911,Zona Sur,Hembra
80.15571106,150.775678,Zona Sur,Hembra
72.66818088,137.570015,Zona Sur,Hembra
83.46614309,162.093156,Zona Sur,Hembra
74.03838447,144.9958605,Zona Sur,Hembra
77.18914715,134.510842,Zona Sur,Hembra
72.66831126,133.066431,Zona Sur,Hembra
82.55304595,142.8561476,Zona Sur,Hembra
79.4444725,135.6152472,Zona Sur,Hembra
76.06349106,154.2513653,Zona Sur,Hembra
82.1036928,150.671106,Zona Sur,Hembra
75.03547109,162.0047244,Zona Sur,Hembra
80.05326164,168.1573426,Zona Sur,Hembra
73.52576354,140.1149505,Zona Sur,Hembra
73.7127054,142.7749857,Zona Sur,Hembra
75.83900918,159.4643292,Zona Sur,Hembra
82.17229311,152.1276169,Zona Sur,Hembra
79.11751882,158.6895752,Zona Sur,Hembra
74.15694959,145.7914396,Zona Sur,Hembra
83.78161374,167.406866,Zona Sur,Hembra
80.51020163,157.2530246,Zona Sur,Hembra
84.03151446,164.8245963,Zona Sur,Hembra
75.60125404,148.4621815,Zona Sur,Hembra
79.77828674,141.7558013,Zona Sur,Hembra
75.0769155,135.4833168,Zona Sur,Hembra
82.30464234,154.5217312,Zona Sur,Hembra
84.90341143,133.0244882,Zona Sur,Hembra
75.00675945,148.5157291,Zona Sur,Hembra
81.78276524,148.0435485,Zona Sur,Hembra
79.82412399,161.1217404,Zona Sur,Hembra
80.43686389,159.3822023,Zona Sur,Hembra
74.55928734,170.255168,Zona Sur,Hembra
79.11743233,162.5329486,Zona Sur,Hembra
79.60979991,145.3057845,Zona Sur,Hembra
80.9021809,162.5345535,Zona Sur,Hembra
75.10826122,133.1951959,Zona Sur,Hembra
79.95291479,134.8762848,Zona Sur,Hembra
81.8984108,145.8704994,Zona Sur,Hembra
75.60916914,140.0436055,Zona Sur,Hembra
76.25494282,161.1511705,Zona Sur,Hembra
80.93985594,158.8093322,Zona Sur,Hembra
76.77839963,139.1322603,Zona Sur,Hembra
72.11696349,130.79371,Zona Sur,Hembra
81.06754405,156.6030034,Zona Sur,Hembra
72.42547853,148.3085492,Zona Sur,Hembra
79.0110715,155.9454733,Zona Sur,Hembra
76.95793068,145.5785918,Zona Sur,Hembra
82.02906646,144.2192404,Zona Sur,Hembra
77.48232404,142.8800147,Zona Sur,Hembra
77.07383549,165.7148481,Zona Sur,Hembra
78.75105715,163.9403014,Zona Sur,Hembra
81.16605692,176.4298041,Zona Sur,Hembra
77.93829824,150.6264259,Zona Sur,Hembra
78.04244465,136.2912725,Zona Sur,Hembra
84.55186308,153.6635337,Zona Sur,Hembra
74.96279039,148.2703206,Zona Sur,Hembra
83.35940331,145.9710424,Zona Sur,Hembra
72.77181876,141.0524068,Zona Sur,Hembra
80.46197698,147.6616567,Zona Sur,Hembra
83.18761985,145.6457097,Zona Sur,Hembra
77.69102335,135.6191346,Zona Sur,Hembra
72.1249904,156.9687876,Zona Sur,Hembra
75.92916098,125.521679,Zona Sur,Hembra
79.56240901,164.461983,Zona Sur,Hembra
76.89071324,165.3982974,Zona Sur,Hembra
82.11123852,150.2481142,Zona Sur,Hembra
73.57744983,136.7590675,Zona Sur,Hembra
72.21827578,144.7152441,Zona Sur,Hembra
77.61747883,148.2176378,Zona Sur,Hembra
81.08542499,146.4934469,Zona Sur,Hembra
77.71562423,154.8171345,Zona Sur,Hembra
78.25932567,137.8620667,Zona Sur,Hembra
78.30587936,162.9823582,Zona Sur,Hembra
73.62734989,172.4915067,Zona Sur,Hembra
75.42275854,131.2139395,Zona Sur,Hembra
81.56067068,149.6085148,Zona Sur,Hembra
72.53856269,131.9180981,Zona Sur,Hembra
75.03907367,130.5936015,Zona Sur,Hembra
73.43292223,152.3967894,Zona Sur,Hembra
76.54471963,138.1264132,Zona Sur,Hembra
73.48692827,143.0536602,Zona Sur,Hembra
75.26147598,143.675598,Zona Sur,Hembra
75.85155212,141.88471,Zona Sur,Hembra
82.60855397,159.3955933,Zona Sur,Hembra
83.93906889,158.0876154,Zona Sur,Hembra
82.56143307,152.4211682,Zona Sur,Hembra
83.21698147,137.435009,Zona Sur,Hembra
80.47384909,151.1581407,Zona Sur,Hembra
83.44232709,123.3246276,Zona Sur,Hembra
74.29879669,142.2202866,Zona Sur,Hembra
83.4863481,149.0324568,Zona Sur,Hembra
82.03753053,139.1633556,Zona Sur,Hembra
78.56043136,149.055137,Zona Sur,Hembra
80.96529234,155.2006952,Zona Sur,Hembra
80.56791379,154.1446921,Zona Sur,Hembra
78.38626707,144.7772932,Zona Sur,Hembra
75.13023518,143.4195794,Zona Sur,Hembra
81.38263746,123.6962852,Zona Sur,Hembra
81.36012981,140.103105,Zona Sur,Hembra
82.07919363,160.9691038,Zona Sur,Hembra
76.65180774,151.8898128,Zona Sur,Hembra
76.03836954,148.5226857,Zona Sur,Hembra
81.50494369,156.0368881,Zona Sur,Hembra
75.01187863,149.1118711,Zona Sur,Hembra
74.47202707,144.9114313,Zona Sur,Hembra
78.4947079,153.2861898,Zona Sur,Hembra
83.49651038,139.8900739,Zona Sur,Hembra
82.26776815,155.4889732,Zona Sur,Hembra
80.8414825,152.9493821,Zona Sur,Hembra
83.26257115,155.7957793,Zona Sur,Hembra
78.27382573,145.2616382,Zona Sur,Hembra
76.91923065,150.1723331,Zona Sur,Hembra
74.14202448,150.5359048,Zona Sur,Hembra
74.36322319,165.2390565,Zona Sur,Hembra
73.30742382,140.4959575,Zona Sur,Hembra
79.84855215,157.0719978,Zona Sur,Hembra
77.48256163,148.675213,Zona Sur,Hembra
78.39152302,153.3893277,Zona Sur,Hembra
72.29353103,149.4219727,Zona Sur,Hembra
77.40695894,144.9451139,Zona Sur,Hembra
76.77751592,136.9538247,Zona Sur,Hembra
73.96619854,139.2050906,Zona Sur,Hembra
78.74607196,137.078901,Zona Sur,Hembra
79.22119732,150.9544371,Zona Sur,Hembra
80.47784329,160.2536531,Zona Sur,Hembra
79.35809482,155.6877539,Zona Sur,Hembra
77.08962365,142.5235221,Zona Sur,Hembra
74.1111433,148.0025176,Zona Sur,Hembra
82.35082255,151.7359936,Zona Sur,Hembra
78.61737588,146.651721,Zona Sur,Hembra
81.23028405,148.1885354,Zona Sur,Hembra
82.19030938,153.0106903,Zona Sur,Hembra
75.83476689,167.8527318,Zona Sur,Hembra
73.54909761,152.9881704,Zona Sur,Hembra
82.03755529,151.3558397,Zona Sur,Hembra
84.63579544,140.4672534,Zona Sur,Hembra
78.17139761,160.2746226,Zona Sur,Hembra
75.83874407,166.7648352,Zona Sur,Hembra
79.47471619,151.6454352,Zona Sur,Hembra
82.55244436,168.9670295,Zona Sur,Hembra
84.67352953,156.7608412,Zona Sur,Hembra
79.26123043,147.4732124,Zona Sur,Hembra
76.52566358,145.3610324,Zona Sur,Hembra
74.03612077,150.1704332,Zona Sur,Hembra
78.66771232,151.9679365,Zona Sur,Hembra
82.38749032,129.9331391,Zona Sur,Hembra
82.45365124,158.2366366,Zona Sur,Hembra
73.57761707,146.9890779,Zona Sur,Hembra
81.1515808,155.7794311,Zona Sur,Hembra
80.77760082,149.2338052,Zona Sur,Hembra
83.57979063,144.7705734,Zona Sur,Hembra
79.59420918,147.6893277,Zona Sur,Hembra
72.20458035,152.1946388,Zona Sur,Hembra
75.77132788,147.0552589,Zona Sur,Hembra
77.77060622,147.8521254,Zona Sur,Hembra
78.62150277,143.884884,Zona Sur,Hembra
83.51294718,175.3266342,Zona Sur,Hembra
81.64034986,162.353065,Zona Sur,Hembra
79.20881995,153.6823614,Zona Sur,Hembra
72.52890165,142.4290546,Zona Sur,Hembra
73.54654687,160.5235753,Zona Sur,Hembra
81.41372408,152.607091,Zona Sur,Hembra
83.98479748,169.6621586,Zona Sur,Hembra
74.46776856,142.5436811,Zona Sur,Hembra
83.03243066,158.4456632,Zona Sur,Hembra
81.62460385,136.5397236,Zona Sur,Hembra
72.86381486,145.0799689,Zona Sur,Hembra
75.44034971,146.3109062,Zona Sur,Hembra
75.53072231,151.0071544,Zona Sur,Hembra
77.99152667,143.0894264,Zona Sur,Hembra
74.15523058,144.2411715,Zona Sur,Hembra
81.79005488,154.7242967,Zona Sur,Hembra
77.81303114,164.3646236,Zona Sur,Hembra
73.07996524,141.8249786,Zona Sur,Hembra
79.45214285,147.0803812,Zona Sur,Hembra
84.22026631,150.0404597,Zona Sur,Hembra
82.68278718,155.108656,Zona Sur,Hembra
74.70042136,144.7895074,Zona Sur,Hembra
77.79143493,160.3186665,Zona Sur,Hembra
74.59269127,138.216818,Zona Sur,Hembra
79.45755524,157.458664,Zona Sur,Hembra
83.01491674,150.4339772,Zona Sur,Hembra
74.89110515,138.1545618,Zona Sur,Hembra
79.0987304,129.4311401,Zona Sur,Hembra
78.42507825,161.1476572,Zona Sur,Hembra
79.74038051,136.1510284,Zona Sur,Hembra
78.607073,179.0997251,Zona Sur,Hembra
73.06782765,135.467962,Zona Sur,Hembra
82.88099362,156.3051669,Zona Sur,Hembra
84.17453437,124.4685869,Zona Sur,Hembra
73.62478091,137.8668231,Zona Sur,Hembra
78.74115782,143.491589,Zona Sur,Hembra
83.05839571,157.0510208,Zona Sur,Hembra
83.60261749,142.3614007,Zona Sur,Hembra
80.31580753,155.6541277,Zona Sur,Hembra
80.0752968,165.0017637,Zona Sur,Hembra
81.31596473,149.0755563,Zona Sur,Hembra
82.19144306,153.4193128,Zona Sur,Hembra
76.75242466,153.6756671,Zona Sur,Hembra
83.28536687,148.3446927,Zona Sur,Hembra
83.81800355,157.6236863,Zona Sur,Hembra
78.47416076,143.0245047,Zona Sur,Hembra
81.1112424,149.0803432,Zona Sur,Hembra
77.57956456,143.605523,Zona Sur,Hembra
72.68467511,162.4765033,Zona Sur,Hembra
81.83914504,161.6568888,Zona Sur,Hembra
74.27996272,141.8364405,Zona Sur,Hembra
81.08822501,149.5172645,Zona Sur,Hembra
80.38286668,149.9046756,Zona Sur,Hembra
76.25280927,155.7332525,Zona Sur,Hembra
83.89290058,145.1477106,Zona Sur,Hembra
80.54631008,156.9917961,Zona Sur,Hembra
81.60798562,133.0584754,Zona Sur,Hembra
74.99743587,164.5784369,Zona Sur,Hembra
83.67777414,152.1794508,Zona Sur,Hembra
79.8120548,162.3135985,Zona Sur,Hembra
81.34534144,152.8043288,Zona Sur,Hembra
77.04201815,150.4843075,Zona Sur,Hembra
72.63242775,147.6977542,Zona Sur,Hembra
78.33862306,149.6426132,Zona Sur,Hembra
80.73841525,147.4367701,Zona Sur,Hembra
76.07593685,153.2642437,Zona Sur,Hembra
81.83038617,160.4658726,Zona Sur,Hembra
77.80152456,160.3710139,Zona Sur,Hembra
74.77522142,141.9248071,Zona Sur,Hembra
72.90142996,133.421011,Zona Sur,Hembra
82.21332292,155.628412,Zona Sur,Hembra
83.64161581,158.0660165,Zona Sur,Hembra
84.5863228,143.4227063,Zona Sur,Hembra
79.57629774,153.3992058,Zona Sur,Hembra
79.80358004,160.1121558,Zona Sur,Hembra
80.09794997,150.8524032,Zona Sur,Hembra
77.4271069,169.138376,Zona Sur,Hembra
83.16499564,149.3121207,Zona Sur,Hembra
75.98585592,160.2163067,Zona Sur,Hembra
77.03359566,148.8171912,Zona Sur,Hembra
81.66758654,151.4601055,Zona Sur,Hembra
78.33418533,139.0337952,Zona Sur,Hembra
76.78864561,150.1117005,Zona Sur,Hembra
74.97468012,154.9320991,Zona Sur,Hembra
84.6397635,161.0056067,Zona Sur,Hembra
84.75917942,139.039826,Zona Sur,Hembra
76.79181104,153.1620663,Zona Sur,Hembra
82.44802312,144.6491159,Zona Sur,Hembra
82.02479127,164.1174441,Zona Sur,Hembra
82.93888428,138.27588,Zona Sur,Hembra
79.30832366,136.8101184,Zona Sur,Hembra
73.53638159,128.2046401,Zona Sur,Hembra
72.13974044,147.2135601,Zona Sur,Hembra
72.80139688,140.3599974,Zona Sur,Hembra
78.82076533,155.2036646,Zona Sur,Hembra
77.4100498,152.3037146,Zona Sur,Hembra
72.1959605,121.358646,Zona Sur,Hembra
79.37923635,145.8794657,Zona Sur,Hembra
77.13124755,128.4537896,Zona Sur,Hembra
75.18308548,143.6375462,Zona Sur,Hembra
83.20180602,150.513221,Zona Sur,Hembra
84.4178568,163.6373332,Zona Sur,Hembra
82.66671628,146.9518951,Zona Sur,Hembra
78.1233434,152.4673157,Zona Sur,Hembra
80.56192658,148.8234924,Zona Sur,Hembra
75.07449016,136.1466232,Zona Sur,Hembra
81.10666435,139.0098126,Zona Sur,Hembra
76.4007185,150.0119238,Zona Sur,Hembra
73.06040189,138.1656958,Zona Sur,Hembra
84.81627671,165.7403111,Zona Sur,Hembra
74.15432971,130.1702526,Zona Sur,Hembra
81.18073709,166.0745087,Zona Sur,Hembra
78.81928852,152.0571666,Zona Sur,Hembra
83.01105011,142.6892778,Zona Sur,Hembra
76.98240291,127.587804,Zona Sur,Hembra
82.29393453,164.9884074,Zona Sur,Hembra
82.24959873,164.6167434,Zona Sur,Hembra
83.74388029,135.4613551,Zona Sur,Hembra
80.11194149,153.1374529,Zona Sur,Hembra
81.29458028,145.5103363,Zona Sur,Hembra
79.2395942,147.2833763,Zona Sur,Hembra
77.87877261,137.4602058,Zona Sur,Hembra
80.34325923,153.5458719,Zona Sur,Hembra
76.04766336,130.3932208,Zona Sur,Hembra
76.51865119,148.3056574,Zona Sur,Hembra
79.53430034,146.7819803,Zona Sur,Hembra
72.17051859,140.8491014,Zona Sur,Hembra
79.35083735,148.6731279,Zona Sur,Hembra
72.44856856,130.7947508,Zona Sur,Hembra
81.82867013,147.3864613,Zona Sur,Hembra
74.32856291,139.9509371,Zona Sur,Hembra
79.18940984,166.5679977,Zona Sur,Hembra
84.61137767,138.2604102,Zona Sur,Hembra
74.98756774,144.9656929,Zona Sur,Hembra
78.43743589,156.5923615,Zona Sur,Hembra
76.49140192,154.4600524,Zona Sur,Hembra
80.56695979,152.338729,Zona Sur,Hembra
79.81913399,156.9088326,Zona Sur,Hembra
77.07946922,154.7517901,Zona Sur,Hembra
77.06573648,134.0515139,Zona Sur,Hembra
79.1576181,149.2603554,Zona Sur,Hembra
82.96244489,159.5131823,Zona Sur,Hembra
72.30394158,149.749518,Zona Sur,Hembra
83.38799678,155.5340588,Zona Sur,Hembra
73.79398827,164.388265,Zona Sur,Hembra
77.45541944,150.324375,Zona Sur,Hembra
79.03090786,132.277376,Zona Sur,Hembra
76.8613503,136.8457456,Zona Sur,Hembra
80.85500795,143.0742507,Zona Sur,Hembra
72.68253951,140.4973224,Zona Sur,Hembra
78.08258607,148.9083367,Zona Sur,Hembra
81.29523731,177.6135259,Zona Sur,Hembra
74.51860197,140.5085031,Zona Sur,Hembra
81.73672692,147.0601096,Zona Sur,Hembra
80.40709678,168.4834171,Zona Sur,Hembra
84.06257803,163.2866478,Zona Sur,Hembra
81.0514899,150.0872051,Zona Sur,Hembra
72.65962167,150.9999201,Zona Sur,Hembra
73.34426629,147.2988391,Zona Sur,Hembra
83.73825116,158.2300815,Zona Sur,Hembra
73.65998141,151.3918549,Zona Sur,Hembra
77.70600168,146.0045455,Zona Sur,Hembra
84.97315069,156.8890625,Zona Sur,Hembra
84.25703743,164.0379176,Zona Sur,Hembra
84.84777008,139.8464869,Zona Sur,Hembra
84.74093405,131.2349904,Zona Sur,Hembra
76.87385182,144.9413109,Zona Sur,Hembra
83.70668379,145.0919285,Zona Sur,Hembra
73.76374105,155.7936754,Zona Sur,Hembra
80.60350767,139.4323502,Zona Sur,Hembra
77.96499555,146.2417146,Zona Sur,Hembra
83.40029529,140.2576468,Zona Sur,Hembra
83.99083161,152.894296,Zona Sur,Hembra
80.9504413,148.0224319,Zona Sur,Hembra
78.64333697,150.4547742,Zona Sur,Hembra
83.24202372,157.3333601,Zona Sur,Hembra
82.44433777,144.2177523,Zona Sur,Hembra
81.29728996,164.5176441,Zona Sur,Hembra
74.60256609,149.0772494,Zona Sur,Hembra
76.65347943,151.7356336,Zona Sur,Hembra
84.42582639,136.5633147,Zona Sur,Hembra
79.20807574,146.6463281,Zona Sur,Hembra
75.01515665,153.0258516,Zona Sur,Hembra
81.95217168,161.0374126,Zona Sur,Hembra
82.74476263,165.0906066,Zona Sur,Hembra
84.19682863,149.3833521,Zona Sur,Hembra
73.9474298,162.4755773,Zona Sur,Hembra
82.89629851,150.9602876,Zona Sur,Hembra
72.01360082,156.7192397,Zona Sur,Hembra
74.23689282,137.4004514,Zona Sur,Hembra
81.27071917,151.147469,Zona Sur,Hembra
75.51056874,147.2453712,Zona Sur,Hembra
76.86057147,154.3959899,Zona Sur,Hembra
83.71213013,151.5622492,Zona Sur,Hembra
77.57207707,143.0883241,Zona Sur,Hembra
75.75548201,142.6549639,Zona Sur,Hembra
82.84207754,166.4174432,Zona Sur,Hembra
78.3808423,137.3299534,Zona Sur,Hembra
74.82779957,142.0487271,Zona Sur,Hembra
83.79582936,167.2719494,Zona Sur,Hembra
75.21783858,152.4144115,Zona Sur,Hembra
79.85291796,149.0578616,Zona Sur,Hembra
76.8420653,148.9893873,Zona Sur,Hembra
82.39897274,152.8419116,Zona Sur,Hembra
80.97464819,154.4099141,Zona Sur,Hembra
77.14588083,146.8196378,Zona Sur,Hembra
75.57912039,135.3369304,Zona Sur,Hembra
82.56117964,154.7191347,Zona Sur,Hembra
79.83127396,143.8904571,Zona Sur,Hembra
79.65959095,147.3609527,Zona Sur,Hembra
72.31379909,148.4311297,Zona Sur,Hembra
81.19185424,160.0753592,Zona Sur,Hembra
83.04963834,141.9622416,Zona Sur,Hembra
83.4432844,138.6424881,Zona Sur,Hembra
82.41138208,156.6366972,Zona Sur,Hembra
76.89998391,144.4936292,Zona Sur,Hembra
72.67008412,133.8169215,Zona Sur,Hembra
81.01358711,155.1995222,Zona Sur,Hembra
84.75838345,177.7729862,Zona Sur,Hembra
84.19638432,160.9821006,Zona Sur,Hembra
81.45110233,157.1610457,Zona Sur,Hembra
84.11625495,167.1130365,Zona Sur,Hembra
75.7562487,143.8464404,Zona Sur,Hembra
79.75143646,164.9579419,Zona Sur,Hembra
73.84074315,137.2596555,Zona Sur,Hembra
76.40642681,144.5254373,Zona Sur,Hembra
82.29623136,156.7190158,Zona Sur,Hembra
72.27191772,153.9207504,Zona Sur,Hembra
74.23477321,159.4484382,Zona Sur,Hembra
75.37994737,138.7076838,Zona Sur,Hembra
77.41927284,139.1414814,Zona Sur,Hembra
78.77899698,144.6215576,Zona Sur,Hembra
75.45499684,126.4356958,Zona Sur,Hembra
76.52959356,128.732226,Zona Sur,Hembra
76.32882199,150.2300342,Zona Sur,Hembra
84.60736729,162.1475531,Zona Sur,Hembra
82.8229751,164.4853546,Zona Sur,Hembra
72.94216833,125.2418621,Zona Sur,Hembra
72.17115235,157.7687945,Zona Sur,Hembra
81.95049553,136.1877345,Zona Sur,Hembra
80.63118875,139.6039549,Zona Sur,Hembra
73.45076749,129.7741867,Zona Sur,Hembra
78.31225308,142.4505719,Zona Sur,Hembra
76.93862364,148.3128813,Zona Sur,Hembra
73.46724938,132.3345701,Zona Sur,Hembra
78.62652011,155.7438495,Zona Sur,Hembra
74.99693445,152.6481992,Zona Sur,Hembra
80.28984837,152.666978,Zona Sur,Hembra
78.30228201,142.2393188,Zona Sur,Hembra
82.33461633,144.9437936,Zona Sur,Hembra
76.62685886,145.1538961,Zona Sur,Hembra
81.42511465,142.9501884,Zona Sur,Hembra
80.7920939,160.7424592,Zona Sur,Hembra
83.73184731,163.6757227,Zona Sur,Hembra
81.78622278,152.8579125,Zona Sur,Hembra
75.66092638,153.3766863,Zona Sur,Hembra
82.24494355,125.1435258,Zona Sur,Hembra
79.39263786,144.5692701,Zona Sur,Hembra
83.51255246,160.3024413,Zona Sur,Hembra
75.64720322,143.403879,Zona Sur,Hembra
81.25965042,142.4532031,Zona Sur,Hembra
74.82013915,140.9206468,Zona Sur,Hembra
77.70916092,133.4851003,Zona Sur,Hembra
72.62106437,148.7940168,Zona Sur,Hembra
80.58008338,159.6641937,Zona Sur,Hembra
75.09109425,125.9441283,Zona Sur,Hembra
72.04913111,139.4889463,Zona Sur,Hembra
75.98048499,130.3029038,Zona Sur,Hembra
72.88035474,141.1070458,Zona Sur,Hembra
75.16511022,139.4819162,Zona Sur,Hembra
77.90982703,142.4823717,Zona Sur,Hembra
81.17742332,146.07224,Zona Sur,Hembra
81.93725863,147.8382159,Zona Sur,Hembra
75.64772436,151.1036943,Zona Sur,Hembra
75.76363071,151.8911639,Zona Sur,Hembra
80.66716178,142.3951826,Zona Sur,Hembra
75.41964426,143.8789281,Zona Sur,Hembra
81.73846933,154.823526,Zona Sur,Hembra
80.31079407,132.3357653,Zona Sur,Hembra
76.32020068,141.675102,Zona Sur,Hembra
78.02145848,155.1944322,Zona Sur,Hembra
74.8262796,140.7563321,Zona Sur,Hembra
79.17883167,135.7240127,Zona Sur,Hembra
80.59825319,165.6250964,Zona Sur,Hembra
73.10712906,139.2418554,Zona Sur,Hembra
74.67340363,147.8661473,Zona Sur,Hembra
81.20567768,147.1504487,Zona Sur,Hembra
79.58661761,141.6053026,Zona Sur,Hembra
77.83544932,154.9025735,Zona Sur,Hembra
82.07269191,150.8106213,Zona Sur,Hembra
78.87821298,159.4330594,Zona Sur,Hembra
84.51212297,140.8457628,Zona Sur,Hembra
82.80515782,154.5351012,Zona Sur,Hembra
81.71461045,157.1439929,Zona Sur,Hembra
84.92584006,144.3318608,Zona Sur,Hembra
78.44433282,150.9626563,Zona Sur,Hembra
76.04285902,156.0355547,Zona Sur,Hembra
73.49324516,177.3546573,Zona Sur,Hembra
80.56773889,138.5268425,Zona Sur,Hembra
75.37977909,137.3721118,Zona Sur,Hembra
84.54525167,157.8003053,Zona Sur,Hembra
82.23567166,141.8446842,Zona Sur,Hembra
72.94508814,128.6544104,Zona Sur,Hembra
81.11737425,154.8336258,Zona Sur,Hembra
81.64048491,158.0364342,Zona Sur,Hembra
79.95168727,139.4955894,Zona Sur,Hembra
80.45457788,167.5732682,Zona Sur,Hembra
78.43704406,145.496927,Zona Sur,Hembra
76.52296536,159.0920403,Zona Sur,Hembra
77.51076329,151.8947387,Zona Sur,Hembra
83.53094427,143.8848016,Zona Sur,Hembra
